catalog_id,sku,catalog_description,active
CAT-0001,PXLAG38112STHG0001,3/8-16 X 1-1/2 HX HD LAG SCR STEEL HDG,Y
CAT-0002,PXROD126STZC0002,1/2-13 X 6FT FULL THREAD ROD STEEL ZINC,Y
CAT-0003,PXHEX1434STZC0003,"1/4-20 X 3/4"" HEX CAP SCREW STEEL ZINC",Y
CAT-0004,PXSOC830STBO0004,M8-1.25 X 30MM SOCKET HEAD CAP SCR STEEL BLACK OXIDE,Y
CAT-0005,PXNUT1216STZC0005,M12-1.75 HEX NUT CLASS 8 STEEL ZINC,Y
CAT-0006,PXWASH51634STPL0006,5/16 FLAT WASHER STEEL PLAIN,Y
CAT-0007,PXLAG1212BRYZ0007,m12-1.75 x 12mm lag screw brass yellow zn,Y
CAT-0008,PXSOC860STZC0008,m8-1.25 x 60mm soc head cap screw iso 7380 steel zinc,Y
CAT-0009,PXWASH825STYZ0009,M8-1.25 FLAT WASHER STEEL YELLOW ZINC,Y
CAT-0010,PXBTN12288YZ0010,"1/2-13x2"" button soc cap screw ifi 111 18-8 ss yellow zinc",Y
CAT-0011,PXHEX3438A2MZ0011,"3/4-10x3/8"" HX CAP SCREW ASTM A307 A2 SS MECH ZN",N
CAT-0012,PXWASHN8112BRPL0012,#8-32 FLAT WSHR ASME B18.2.1 BRASS PLAIN,Y
CAT-0013,PXBTNN101288YZ0013,"#10-24x1/2"" BUTTON SOCKET CAP SCREW ISO 7380 18-8 SS YELLOW ZINC",Y
CAT-0014,PXROD530BRMZ0014,M5-0.8 X 30MM THREADED ROD DIN 933 BRASS MECH ZINC,Y
CAT-0015,PXBTN3421236ZC0015,"3/4-10 X 2-1/2"" BUTTON SOCKET CAP SCREW ASME B18.2.1 316 SS ZN",Y
CAT-0016,PXWASH812A2YZ0016,M8-1.25 FLAT WASHER IFI 111 A2 SS YELLOW ZN,Y
CAT-0017,PXROD168BRMZ0017,m16-2.0 x 8mm threaded rod brass mech zn,Y
CAT-0018,PXLOCK58112ALBO0018,5/8-11 LOCK WASHER ASTM A307 ALLOY BLACK OXIDE,Y
CAT-0019,PXTAP3838ALMZ0019,"3/8-16 X 3/8"" TAP BOLT ASME B18.2.1 ALLOY MECH ZN",Y
CAT-0020,PXBTN3412A2ZC0020,"3/4-10 X 1/2"" BUTTON SOCKET CAP SCREW IFI 111 A2 SS ZINC",Y
CAT-0021,PXTAP840ALZC0021,M8-1.25x40MM TAP BOLT IFI 111 ALLOY ZINC,Y
CAT-0022,PXNUT121636ZC0022,M12-1.75 HEX NUT ASME B18.2.1 316 SS ZINC,Y
CAT-0023,PXSOC581ALMZ0023,"5/8-11x1"" SOCKET HEAD CAP SCREW ASTM A307 ALLOY MECH ZINC",Y
CAT-0024,PXTAPN85888HG0024,"#8-32x5/8"" TAP BOLT IFI 111 18-8 SS HDG",Y
CAT-0025,PXLAG34388BO0025,"3/4-10x3"" LAG SCREW IFI 111 18-8 SS BLACK OXIDE",Y
CAT-0026,PXPAN625A2ZC0026,M6-1.0 X 25MM PHILLIPS PAN MACHINE SCREW ASME B18.2.1 A2 SS ZN,Y
CAT-0027,PXHEX121488YZ0027,"1/2-13 X 1/4"" HX CAP SCREW DIN 912 18-8 SS YELLOW ZINC",Y
CAT-0028,PXROD416BRMZ0028,M4-0.7 X 16MM THREADED ROD DIN 933 BRASS MECH ZINC,Y
CAT-0029,PXPAN716114ALBO0029,"7/16-14 X 1-1/4"" PHILLIPS PAN MACHINE SCREW ISO 7380 ALLOY BLACK OXIDE",Y
CAT-0030,PXWASH163088PL0030,M16-2.0 FLAT WASHER ISO 7380 18-8 SS PLAIN,Y
CAT-0031,PXNUT342ALPL0031,3/4-10 HX NUT ALLOY PLAIN,Y
CAT-0032,PXPAN5163488ZC0032,"5/16-18 X 3/4"" PHILLIPS PAN MACHINE SCREW 18-8 SS ZINC",Y
CAT-0033,PXSOC103036ZC0033,M10-1.5 X 30MM SOCKET HEAD CAP SCREW 316 SS ZN,Y
CAT-0034,PXSOC168A2YZ0034,M16-2.0 X 8MM SOCKET HEAD CAP SCREW ASTM A307 A2 SS YEL ZN,N
CAT-0035,PXWASH5834BRHG0035,5/8-11 FLAT WASHER ASME B18.2.1 BRASS HDG,Y
CAT-0036,PXLOCK440STYZ0036,m4-0.7 lock washer astm a307 steel yellow zinc,Y
CAT-0037,PXLAG102036PL0037,M10-1.5 X 20MM LAG SCREW IFI 111 316 SS PLAIN,Y
CAT-0038,PXNUT126A2BO0038,1/2-13 HEX NUT IFI 111 A2 SS BLACK OXIDE,Y
CAT-0039,PXBTN516112STMZ0039,"5/16-18x1-1/2"" BUTTON SOC CAP SCREW ASME B18.2.1 STEEL MECH ZINC",Y
CAT-0040,PXTAPN84A2YZ0040,"#8-32 X 4"" TAP BOLT DIN 933 A2 SS YELLOW ZINC",Y
CAT-0041,PXHEX381236MZ0041,"3/8-16 X 1/2"" HX CAP SCREW DIN 912 316 SS MECH ZINC",Y
CAT-0042,PXBTN45036YZ0042,M4-0.7 X 50MM BUTTON SOC CAP SCREW DIN 933 316 SS YELLOW ZINC,Y
CAT-0043,PXROD34688YZ0043,3/4-10 x 6ft threaded rod din 912 18-8 ss yel zn,Y
CAT-0044,PXPAN142STBO0044,"1/4-20 X 2"" PHILLIPS PAN MACHINE SCREW ASME B18.2.1 STEEL BLACK OXIDE",Y
CAT-0045,PXROD51638BRPL0045,"5/16-18 X 3/8"" THREADED ROD ASTM A307 BRASS PLAIN",Y
CAT-0046,PXSOC1211436HG0046,"1/2-13 X 1-1/4"" SOCKET HEAD CAP SCREW ISO 7380 316 SS HDG",Y
CAT-0047,PXBTN14336BO0047,"1/4-20 X 3"" BTN SOCKET CAP SCREW 316 SS BLACK OXIDE",Y
CAT-0048,PXSOC7163888MZ0048,"7/16-14 X 3/8"" SOCKET HEAD CAP SCREW DIN 933 18-8 SS MECH ZINC",Y
CAT-0049,PXWASHN10336HG0049,#10-24 FLAT WASHER 316 SS HDG,Y
CAT-0050,PXBTN88088ZC0050,M8-1.25x80MM BUTTON SOC CAP SCREW DIN 912 18-8 SS ZINC,Y
CAT-0051,PXNUT1280STBO0051,M12-1.75 HEX NUT DIN 933 STEEL BLACK OXIDE,Y
CAT-0052,PXLOCKN81236HG0052,#8-32 LOCK WASHER IFI 111 316 SS HDG,Y
CAT-0053,PXSOC126036HG0053,M12-1.75 X 60MM SOCKET HEAD CAP SCREW 316 SS HDG,Y
CAT-0054,PXRODN10388YZ0054,"#10-24x3"" THREADED ROD ASTM A307 18-8 SS YELLOW ZN",Y
CAT-0055,PXPAN825STYZ0055,M8-1.25 X 25MM PHIL PAN MACHINE SCREW DIN 912 STEEL YELLOW ZN,Y
CAT-0056,PXPANN838ALPL0056,"#8-32 X 3/8"" PHILLIPS PAN MACHINE SCREW IFI 111 ALLOY PLAIN",Y
CAT-0057,PXBTNN81236MZ0057,"#8-32 X 1/2"" BTN SOCKET CAP SCREW DIN 912 316 SS MECH ZN",Y
CAT-0058,PXWASH38136PL0058,3/8-16 FLAT WASHER IFI 111 316 SS PLAIN,Y
CAT-0059,PXROD125036MZ0059,M12-1.75 X 50MM THREADED ROD ASME B18.2.1 316 SS MECH ZINC,Y
CAT-0060,PXLAG5162ALPL0060,"5/16-18 X 2"" LAG SCR ALLOY PLAIN",Y
CAT-0061,PXPAN860STZC0061,M8-1.25 X 60MM PHILLIPS PAN MACH SCR STEEL ZN,Y
CAT-0062,PXBTNN101ALZC0062,"#10-24 X 1"" BUTTON SOCKET CAP SCREW DIN 912 ALLOY ZINC",Y
CAT-0063,PXPAN121436HG0063,"1/2-13 X 1/4"" PHILLIPS PAN MACH SCREW ASTM A307 316 SS HDG",Y
CAT-0064,PXLOCK38212STMZ0064,3/8-16 LOCK WSHR IFI 111 STEEL MECH ZINC,Y
CAT-0065,PXSOC7164BRHG0065,"7/16-14 X 4"" SOCKET HEAD CAP SCREW BRASS HDG",Y
CAT-0066,PXBTN51612STMZ0066,"5/16-18x1/2"" BTN SOC CAP SCREW ASME B18.2.1 STEEL MECH ZINC",Y
CAT-0067,PXLOCK81036HG0067,M8-1.25 LOCK WASHER DIN 933 316 SS HDG,Y
CAT-0068,PXLAG52588YZ0068,M5-0.8 X 25MM LAG SCREW DIN 933 18-8 SS YELLOW ZN,Y
CAT-0069,PXBTN1625STPL0069,M16-2.0 X 25MM BUTTON SOCKET CAP SCREW ASME B18.2.1 STEEL PLAIN,Y
CAT-0070,PXROD1280ALHG0070,M12-1.75x80MM THREADED ROD IFI 111 ALLOY HDG,Y
CAT-0071,PXWASH146A2MZ0071,1/4-20 FLAT WASHER ASME B18.2.1 A2 SS MECH ZINC,Y
CAT-0072,PXHEX384BRMZ0072,"3/8-16x4"" HEX CAP SCREW IFI 111 BRASS MECH ZINC",Y
CAT-0073,PXNUT5166ALPL0073,5/16-18 HEX NUT ISO 7380 ALLOY PLN,Y
CAT-0074,PXLAG41036BO0074,M4-0.7 X 10MM LAG SCREW DIN 912 316 SS BLACK OXIDE,Y
CAT-0075,PXLAG516212ALHG0075,"5/16-18x2-1/2"" LAG SCREW IFI 111 ALLOY HDG",Y
CAT-0076,PXPAN168BRHG0076,M16-2.0 X 8MM PHILLIPS PAN MACH SCREW DIN 912 BRASS HDG,Y
CAT-0077,PXRODN83A2BO0077,"#8-32 X 3"" THREADED ROD A2 SS BLACK OXIDE",Y
CAT-0078,PXHEX141ALZC0078,"1/4-20 X 1"" HEX CAP SCREW ISO 7380 ALLOY ZN",Y
CAT-0079,PXLAG383STPL0079,"3/8-16x3"" LAG SCREW ASME B18.2.1 STEEL PLAIN",Y
CAT-0080,PXTAP123A2BO0080,"1/2-13x3"" TAP BOLT A2 SS BLACK OXIDE",Y
CAT-0081,PXNUT1458STHG0081,1/4-20 HX NUT STEEL HDG,Y
CAT-0082,PXBTN7166ALMZ0082,7/16-14 X 6FT BUTTON SOCKET CAP SCR ALLOY MECH ZINC,Y
CAT-0083,PXBTN1250ALBO0083,M12-1.75 X 50MM BTN SOCKET CAP SCREW ISO 7380 ALLOY BLACK OXIDE,Y
CAT-0084,PXPANN8112BRMZ0084,"#8-32x1-1/2"" phil pan mach screw asme b18.2.1 brass mech zinc",Y
CAT-0085,PXWASH1012A2ZC0085,M10-1.5 FLAT WASHER DIN 912 A2 SS ZN,Y
CAT-0086,PXWASH161036HG0086,m16-2.0 flat washer astm a307 316 ss hdg,Y
CAT-0087,PXLAG5838BRZC0087,"5/8-11 X 3/8"" LAG SCREW ASTM A307 BRASS ZN",Y
CAT-0088,PXWASH1050STZC0088,M10-1.5 FLAT WASHER ASME B18.2.1 STEEL ZINC,Y
CAT-0089,PXNUT7163488BO0089,7/16-14 HEX NUT DIN 933 18-8 SS BLACK OXIDE,Y
CAT-0090,PXHEX34488ZC0090,"3/4-10x4"" HEX CAP SCREW IFI 111 18-8 SS ZN",Y
CAT-0091,PXLAG34236MZ0091,"3/4-10 X 2"" LAG SCREW IFI 111 316 SS MECH ZINC",Y
CAT-0092,PXTAP3858STMZ0092,"3/8-16 X 5/8"" TAP BOLT ISO 7380 STEEL MECH ZINC",Y
CAT-0093,PXWASHN1011288HG0093,#10-24 FLAT WASHER ASME B18.2.1 18-8 SS HDG,Y
CAT-0094,PXWASH34114ALYZ0094,3/4-10 FLAT WASHER ASME B18.2.1 ALLOY YELLOW ZINC,Y
CAT-0095,PXWASHN81A2ZC0095,#8-32 FLAT WASHER A2 SS ZINC,Y
CAT-0096,PXLOCK640ALPL0096,M6-1.0 LOCK WASHER ALLOY PLAIN,Y
CAT-0097,PXSOC825A2PL0097,M8-1.25 X 25MM SOC HEAD CAP SCREW ASTM A307 A2 SS PLAIN,Y
CAT-0098,PXHEXN81236HG0098,"#8-32 X 1/2"" HEX CAP SCREW 316 SS HDG",Y
CAT-0099,PXSOC5161ALYZ0099,"5/16-18 X 1"" SOC HEAD CAP SCREW ALLOY YELLOW ZINC",Y
CAT-0100,PXBTN850ALBO0100,M8-1.25 X 50MM BUTTON SOC CAP SCR ISO 7380 ALLOY BLACK OXIDE,Y
CAT-0101,PXBTNN834ALBO0101,"#8-32 X 3/4"" BUTTON SOC CAP SCREW ASME B18.2.1 ALLOY BLACK OXIDE",Y
CAT-0102,PXWASH121ALYZ0102,1/2-13 FLAT WASHER IFI 111 ALLOY YELLOW ZINC,Y
CAT-0103,PXSOC343488ZC0103,"3/4-10 X 3/4"" SOCKET HEAD CAP SCREW ASTM A307 18-8 SS ZINC",Y
CAT-0104,PXWASH58A2YZ0104,M5-0.8 FLAT WASHER ASME B18.2.1 A2 SS YELLOW ZINC,Y
CAT-0105,PXBTN5163STYZ0105,"5/16-18 X 3"" BUTTON SOCKET CAP SCREW STEEL YELLOW ZINC",Y
CAT-0106,PXROD581488BO0106,"5/8-11x1/4"" threaded rod asme b18.2.1 18-8 ss black oxide",Y
CAT-0107,PXNUT123BRZC0107,1/2-13 HEX NUT ISO 7380 BRASS ZINC,Y
CAT-0108,PXNUT34212A2HG0108,3/4-10 HX NUT IFI 111 A2 SS HDG,Y
CAT-0109,PXWASH66036YZ0109,M6-1.0 FLAT WASHER ASTM A307 316 SS YEL ZINC,Y
CAT-0110,PXNUT3814ALYZ0110,3/8-16 HX NUT ASTM A307 ALLOY YELLOW ZN,Y
CAT-0111,PXLOCK8888PL0111,M8-1.25 LOCK WSHR ISO 7380 18-8 SS PLAIN,Y
CAT-0112,PXLOCK1620STMZ0112,M16-2.0 LOCK WSHR ASTM A307 STEEL MECH ZINC,Y
CAT-0113,PXTAP34336YZ0113,"3/4-10 X 3"" TAP BOLT ASTM A307 316 SS YEL ZINC",Y
CAT-0114,PXLAG51636MZ0114,M5-0.8 X 16MM LAG SCREW DIN 912 316 SS MECH ZINC,Y
CAT-0115,PXLOCK620A2MZ0115,M6-1.0 LOCK WSHR A2 SS MECH ZINC,Y
CAT-0116,PXBTN38112ALYZ0116,"3/8-16 X 1-1/2"" BTN SOCKET CAP SCREW ALLOY YELLOW ZINC",Y
CAT-0117,PXPAN550A2BO0117,M5-0.8x50MM PHILLIPS PAN MACHINE SCR ISO 7380 A2 SS BLACK OXIDE,Y
CAT-0118,PXRODN1011288MZ0118,"#10-24 X 1-1/2"" THREADED ROD 18-8 SS MECH ZINC",Y
CAT-0119,PXNUT34688ZC0119,3/4-10 HEX NUT ASME B18.2.1 18-8 SS ZINC,Y
CAT-0120,PXTAP124088ZC0120,M12-1.75 X 40MM TAP BOLT 18-8 SS ZINC,Y
CAT-0121,PXLOCKN103488PL0121,#10-24 LOCK WASHER DIN 933 18-8 SS PLN,Y
CAT-0122,PXSOC716336MZ0122,"7/16-14x3"" SOCKET HEAD CAP SCREW 316 SS MECH ZINC",Y
CAT-0123,PXLAG5834ALZC0123,"5/8-11 X 3/4"" LAG SCREW ISO 7380 ALLOY ZINC",Y
CAT-0124,PXBTN58488YZ0124,"5/8-11x4"" BUTTON SOC CAP SCREW ISO 7380 18-8 SS YEL ZINC",Y
CAT-0125,PXNUT412STYZ0125,M4-0.7 HEX NUT STEEL YELLOW ZINC,Y
CAT-0126,PXBTN121A2HG0126,"1/2-13 X 1"" BUTTON SOCKET CAP SCREW A2 SS HDG",Y
CAT-0127,PXSOC68STMZ0127,M6-1.0x8MM SOCKET HEAD CAP SCREW ISO 7380 STEEL MECH ZN,Y
CAT-0128,PXWASH383888PL0128,3/8-16 FLAT WASHER DIN 912 18-8 SS PLN,Y
CAT-0129,PXSOC430A2YZ0129,M4-0.7x30MM SOCKET HEAD CAP SCREW DIN 912 A2 SS YELLOW ZN,Y
CAT-0130,PXHEXN8236HG0130,"#8-32 X 2"" HEX CAP SCR ISO 7380 316 SS HDG",Y
CAT-0131,PXPAN3814BRBO0131,"3/8-16 X 1/4"" PHILLIPS PAN MACHINE SCREW DIN 933 BRASS BLACK OXIDE",Y
CAT-0132,PXSOC3421236PL0132,"3/4-10 X 2-1/2"" SOCKET HEAD CAP SCREW 316 SS PLAIN",Y
CAT-0133,PXLAG168088BO0133,M16-2.0 X 80MM LAG SCREW ASME B18.2.1 18-8 SS BLACK OXIDE,Y
CAT-0134,PXBTN41236PL0134,M4-0.7 X 12MM BUTTON SOCKET CAP SCR ISO 7380 316 SS PLAIN,Y
CAT-0135,PXLOCK586BRPL0135,5/8-11 LOCK WASHER ASTM A307 BRASS PLN,Y
CAT-0136,PXLAG381BRPL0136,"3/8-16 x 1"" lag screw astm a307 brass plain",Y
CAT-0137,PXTAP1212BRYZ0137,m12-1.75 x 12mm tap bolt ifi 111 brass yellow zinc,Y
CAT-0138,PXSOCN1011236YZ0138,"#10-24 X 1-1/2"" SOCKET HEAD CAP SCR IFI 111 316 SS YELLOW ZINC",Y
CAT-0139,PXROD580STBO0139,M5-0.8 X 80MM THREADED ROD DIN 933 STEEL BLACK OXIDE,Y
CAT-0140,PXRODN81236ZC0140,"#8-32 X 1/2"" THREADED ROD 316 SS ZINC",Y
CAT-0141,PXBTN65088YZ0141,m6-1.0 x 50mm btn socket cap scr asme b18.2.1 18-8 ss yellow zinc,N
CAT-0142,PXROD812A2MZ0142,M8-1.25 X 12MM THREADED ROD IFI 111 A2 SS MECH ZINC,Y
CAT-0143,PXBTN58212A2YZ0143,"5/8-11x2-1/2"" BTN SOC CAP SCREW DIN 933 A2 SS YEL ZINC",Y
CAT-0144,PXLAGN838STYZ0144,"#8-32 X 3/8"" LAG SCREW ISO 7380 STEEL YELLOW ZINC",Y
CAT-0145,PXLAG8888YZ0145,M8-1.25x8MM LAG SCR DIN 933 18-8 SS YELLOW ZN,Y
CAT-0146,PXNUT58114ALBO0146,5/8-11 HX NUT ALLOY BLACK OXIDE,Y
CAT-0147,PXLAG58236BO0147,"5/8-11 X 2"" LAG SCREW DIN 912 316 SS BLACK OXIDE",Y
CAT-0148,PXLAG1060BRZC0148,M10-1.5 X 60MM LAG SCREW DIN 933 BRASS ZINC,Y
CAT-0149,PXHEX7162A2MZ0149,"7/16-14x2"" HEX CAP SCREW ASTM A307 A2 SS MECH ZINC",Y
CAT-0150,PXNUTN10288YZ0150,#10-24 HEX NUT DIN 933 18-8 SS YELLOW ZN,Y
CAT-0151,PXHEX141436YZ0151,"1/4-20 x 1/4"" hx cap screw din 933 316 ss yel zinc",Y
CAT-0152,PXHEX1221288HG0152,"1/2-13 X 2-1/2"" HX CAP SCREW ASTM A307 18-8 SS HDG",Y
CAT-0153,PXSOC1010STPL0153,M10-1.5 X 10MM SOCKET HEAD CAP SCR ASME B18.2.1 STEEL PLAIN,Y
CAT-0154,PXHEX440A2PL0154,M4-0.7 X 40MM HEX CAP SCREW ASTM A307 A2 SS PLAIN,Y
CAT-0155,PXHEX5858A2MZ0155,"5/8-11x5/8"" HEX CAP SCR ASTM A307 A2 SS MECH ZINC",Y
CAT-0156,PXLAGN1011236MZ0156,"#10-24 X 1-1/2"" LAG SCREW ISO 7380 316 SS MECH ZN",Y
CAT-0157,PXTAP1438STBO0157,"1/4-20 X 3/8"" TAP BOLT ISO 7380 STEEL BLACK OXIDE",Y
CAT-0158,PXROD123088MZ0158,M12-1.75 X 30MM THREADED ROD ASTM A307 18-8 SS MECH ZN,Y
CAT-0159,PXBTNN8212BRBO0159,"#8-32 X 2-1/2"" BUTTON SOC CAP SCR DIN 933 BRASS BLACK OXIDE",Y
CAT-0160,PXRODN10288ZC0160,"#10-24 X 2"" THREADED ROD DIN 912 18-8 SS ZINC",Y
CAT-0161,PXROD516188MZ0161,"5/16-18x1"" threaded rod iso 7380 18-8 ss mech zinc",Y
CAT-0162,PXNUTN834BRBO0162,#8-32 HEX NUT ASME B18.2.1 BRASS BLACK OXIDE,Y
CAT-0163,PXSOC124BRYZ0163,"1/2-13 X 4"" SOC HEAD CAP SCR ASTM A307 BRASS YELLOW ZINC",Y
CAT-0164,PXRODN8112ALBO0164,"#8-32 X 1-1/2"" THREADED ROD DIN 912 ALLOY BLACK OXIDE",Y
CAT-0165,PXNUT66088PL0165,M6-1.0 HEX NUT IFI 111 18-8 SS PLAIN,Y
CAT-0166,PXTAP5814ALMZ0166,"5/8-11 X 1/4"" TAP BOLT ISO 7380 ALLOY MECH ZINC",Y
CAT-0167,PXWASH450ALZC0167,M4-0.7 FLAT WASHER ASME B18.2.1 ALLOY ZN,Y
CAT-0168,PXLAG1411488ZC0168,"1/4-20 X 1-1/4"" LAG SCREW 18-8 SS ZINC",Y
CAT-0169,PXSOCN101488ZC0169,"#10-24 X 1/4"" SOCKET HEAD CAP SCREW ASME B18.2.1 18-8 SS ZINC",Y
CAT-0170,PXLOCK346BRPL0170,3/4-10 LOCK WSHR BRASS PLAIN,Y
CAT-0171,PXPANN83ALHG0171,"#8-32 X 3"" PHIL PAN MACH SCREW ISO 7380 ALLOY HDG",Y
CAT-0172,PXWASH123036BO0172,M12-1.75 FLAT WASHER 316 SS BLACK OXIDE,Y
CAT-0173,PXNUT1612STZC0173,M16-2.0 HEX NUT STEEL ZINC,Y
CAT-0174,PXPAN34114ALPL0174,"3/4-10x1-1/4"" PHILLIPS PAN MACHINE SCR ASME B18.2.1 ALLOY PLAIN",Y
CAT-0175,PXWASH61636PL0175,M6-1.0 FLAT WASHER ISO 7380 316 SS PLAIN,Y
CAT-0176,PXTAP880STMZ0176,M8-1.25 X 80MM TAP BOLT DIN 933 STEEL MECH ZINC,Y
CAT-0177,PXLAG1240BRYZ0177,M12-1.75 X 40MM LAG SCR IFI 111 BRASS YELLOW ZINC,Y
CAT-0178,PXLOCK1616A2HG0178,M16-2.0 LOCK WASHER DIN 933 A2 SS HDG,Y
CAT-0179,PXLAG660BRHG0179,M6-1.0 X 60MM LAG SCR DIN 933 BRASS HDG,Y
CAT-0180,PXNUT450ALBO0180,M4-0.7 HEX NUT ALLOY BLACK OXIDE,Y
CAT-0181,PXBTN42588YZ0181,M4-0.7 X 25MM BUTTON SOCKET CAP SCREW ASME B18.2.1 18-8 SS YEL ZN,Y
CAT-0182,PXNUT38114BRBO0182,3/8-16 hex nut astm a307 brass black oxide,Y
CAT-0183,PXRODN8114STMZ0183,"#8-32 X 1-1/4"" THREADED ROD ASME B18.2.1 STEEL MECH ZINC",Y
CAT-0184,PXRODN81488HG0184,"#8-32 X 1/4"" THREADED ROD ASTM A307 18-8 SS HDG",Y
CAT-0185,PXWASH716188HG0185,7/16-14 FLAT WASHER ISO 7380 18-8 SS HDG,Y
CAT-0186,PXBTN1025STYZ0186,M10-1.5 X 25MM BUTTON SOCKET CAP SCREW DIN 912 STEEL YEL ZINC,Y
CAT-0187,PXTAP5161436MZ0187,"5/16-18 X 1/4"" TAP BOLT IFI 111 316 SS MECH ZINC",Y
CAT-0188,PXROD1458STMZ0188,"1/4-20 X 5/8"" THREADED ROD ASTM A307 STEEL MECH ZINC",Y
CAT-0189,PXBTN582BRYZ0189,"5/8-11x2"" BUTTON SOCKET CAP SCREW ASTM A307 BRASS YEL ZINC",Y
CAT-0190,PXTAP125036HG0190,M12-1.75 X 50MM TAP BOLT ASTM A307 316 SS HDG,Y
CAT-0191,PXTAP5161288ZC0191,"5/16-18 X 1/2"" TAP BOLT ASME B18.2.1 18-8 SS ZINC",Y
CAT-0192,PXHEX430ALYZ0192,M4-0.7 X 30MM HEX CAP SCREW ASTM A307 ALLOY YELLOW ZINC,Y
CAT-0193,PXTAP525ALZC0193,M5-0.8 X 25MM TAP BOLT ASME B18.2.1 ALLOY ZINC,Y
CAT-0194,PXROD5164STMZ0194,"5/16-18 X 4"" THREADED ROD STEEL MECH ZINC",Y
CAT-0195,PXWASH5163BRBO0195,5/16-18 FLAT WASHER BRASS BLACK OXIDE,Y
CAT-0196,PXNUT650STZC0196,M6-1.0 HEX NUT IFI 111 STEEL ZINC,Y
CAT-0197,PXHEX1280ALHG0197,M12-1.75 X 80MM HEX CAP SCREW ISO 7380 ALLOY HDG,Y
CAT-0198,PXLOCKN82ALBO0198,#8-32 LOCK WASHER ISO 7380 ALLOY BLACK OXIDE,Y
CAT-0199,PXLAGN10688ZC0199,#10-24 X 6FT LAG SCREW ISO 7380 18-8 SS ZINC,Y
CAT-0200,PXTAP121636ZC0200,M12-1.75 X 16MM TAP BOLT ISO 7380 316 SS ZINC,N
CAT-0201,PXLOCK1216STBO0201,M12-1.75 LOCK WASHER ASTM A307 STEEL BLACK OXIDE,Y
CAT-0202,PXTAP610STHG0202,M6-1.0x10MM TAP BOLT DIN 933 STEEL HDG,Y
CAT-0203,PXBTNN1011288BO0203,"#10-24 X 1-1/2"" BTN SOCKET CAP SCREW IFI 111 18-8 SS BLACK OXIDE",Y
CAT-0204,PXRODN834A2HG0204,"#8-32 X 3/4"" THREADED ROD IFI 111 A2 SS HDG",Y
CAT-0205,PXROD3438BRYZ0205,"3/4-10 X 3/8"" THREADED ROD ASME B18.2.1 BRASS YELLOW ZN",Y
CAT-0206,PXWASH38688PL0206,3/8-16 FLAT WASHER DIN 933 18-8 SS PLAIN,Y
CAT-0207,PXLOCK83036HG0207,M8-1.25 LOCK WSHR 316 SS HDG,Y
CAT-0208,PXNUT1640ALHG0208,M16-2.0 HX NUT ISO 7380 ALLOY HDG,Y
CAT-0209,PXBTN58114BRPL0209,"5/8-11 X 1-1/4"" BUTTON SOC CAP SCREW DIN 933 BRASS PLN",Y
CAT-0210,PXLOCK420A2MZ0210,M4-0.7 LOCK WSHR ASTM A307 A2 SS MECH ZINC,Y
CAT-0211,PXNUT1220ALHG0211,M12-1.75 HEX NUT ASME B18.2.1 ALLOY HDG,Y
CAT-0212,PXLAG1660BRPL0212,M16-2.0 X 60MM LAG SCR IFI 111 BRASS PLAIN,Y
CAT-0213,PXTAP342BRYZ0213,"3/4-10 X 2"" TAP BOLT ISO 7380 BRASS YELLOW ZINC",Y
CAT-0214,PXPAN1240ALBO0214,M12-1.75 X 40MM PHILLIPS PAN MACHINE SCREW ALLOY BLACK OXIDE,Y
CAT-0215,PXRODN1012ALBO0215,"#10-24x1/2"" THREADED ROD DIN 912 ALLOY BLACK OXIDE",Y
CAT-0216,PXTAPN1058ALMZ0216,"#10-24 X 5/8"" TAP BOLT ALLOY MECH ZINC",Y
CAT-0217,PXSOC3411436HG0217,"3/4-10 X 1-1/4"" SOCKET HEAD CAP SCR ASME B18.2.1 316 SS HDG",Y
CAT-0218,PXWASH342BRBO0218,3/4-10 FLAT WASHER ASME B18.2.1 BRASS BLACK OXIDE,Y
CAT-0219,PXLAG12114BRBO0219,"1/2-13 X 1-1/4"" LAG SCR DIN 912 BRASS BLACK OXIDE",Y
CAT-0220,PXWASH381288HG0220,3/8-16 flat washer din 912 18-8 ss hdg,Y
CAT-0221,PXPAN88088HG0221,M8-1.25x80MM PHILLIPS PAN MACHINE SCR 18-8 SS HDG,N
CAT-0222,PXSOC1680BRPL0222,M16-2.0x80MM SOCKET HEAD CAP SCREW DIN 933 BRASS PLAIN,Y
CAT-0223,PXHEX144STBO0223,"1/4-20 X 4"" HEX CAP SCREW ISO 7380 STEEL BLACK OXIDE",Y
CAT-0224,PXROD3434STMZ0224,"3/4-10 X 3/4"" THREADED ROD DIN 912 STEEL MECH ZINC",Y
CAT-0225,PXPAN1040BRMZ0225,M10-1.5 X 40MM PHILLIPS PAN MACHINE SCREW ASME B18.2.1 BRASS MECH ZINC,Y
CAT-0226,PXWASH1211436PL0226,1/2-13 FLAT WASHER DIN 912 316 SS PLAIN,Y
CAT-0227,PXNUTN10114ALZC0227,#10-24 HX NUT DIN 933 ALLOY ZINC,Y
CAT-0228,PXLAG122536YZ0228,M12-1.75x25MM LAG SCR IFI 111 316 SS YEL ZN,Y
CAT-0229,PXLOCK128036BO0229,M12-1.75 LOCK WASHER ISO 7380 316 SS BLACK OXIDE,Y
CAT-0230,PXTAP14636ZC0230,1/4-20x6FT TAP BOLT ASME B18.2.1 316 SS ZINC,N
CAT-0231,PXLAGN104BRHG0231,"#10-24 X 4"" LAG SCREW BRASS HDG",Y
CAT-0232,PXBTN82588ZC0232,M8-1.25 X 25MM BUTTON SOCKET CAP SCREW ASTM A307 18-8 SS ZN,Y
CAT-0233,PXTAP5162BRPL0233,"5/16-18 X 2"" TAP BOLT ASTM A307 BRASS PLAIN",Y
CAT-0234,PXROD460STMZ0234,M4-0.7 X 60MM THREADED ROD ASME B18.2.1 STEEL MECH ZINC,N
CAT-0235,PXLOCK34114A2BO0235,3/4-10 LOCK WASHER ASME B18.2.1 A2 SS BLACK OXIDE,Y
CAT-0236,PXHEX583436MZ0236,"5/8-11 X 3/4"" HEX CAP SCR DIN 912 316 SS MECH ZINC",Y
CAT-0237,PXLOCK860ALBO0237,M8-1.25 LOCK WASHER ASTM A307 ALLOY BLACK OXIDE,Y
CAT-0238,PXHEX122536ZC0238,M12-1.75 X 25MM HX CAP SCR DIN 933 316 SS ZINC,Y
CAT-0239,PXLAG1025BRZC0239,M10-1.5 X 25MM LAG SCREW ASTM A307 BRASS ZINC,Y
CAT-0240,PXHEX5812A2PL0240,"5/8-11 X 1/2"" HEX CAP SCR DIN 933 A2 SS PLN",Y
CAT-0241,PXBTN810STPL0241,M8-1.25 X 10MM BTN SOCKET CAP SCR DIN 912 STEEL PLAIN,Y
CAT-0242,PXHEX7164STYZ0242,"7/16-14 X 4"" HEX CAP SCREW DIN 912 STEEL YELLOW ZINC",Y
CAT-0243,PXSOC3812STZC0243,"3/8-16 X 1/2"" SOC HEAD CAP SCREW STEEL ZINC",Y
CAT-0244,PXROD1660ALBO0244,M16-2.0 X 60MM THREADED ROD ALLOY BLACK OXIDE,Y
CAT-0245,PXLOCKN814BRPL0245,#8-32 LOCK WASHER ISO 7380 BRASS PLAIN,Y
CAT-0246,PXPAN343888PL0246,"3/4-10 X 3/8"" PHILLIPS PAN MACHINE SCREW DIN 912 18-8 SS PLAIN",Y
CAT-0247,PXHEX12288YZ0247,"1/2-13 X 2"" HX CAP SCREW 18-8 SS YEL ZN",Y
CAT-0248,PXTAP1214ALMZ0248,"1/2-13 X 1/4"" TAP BOLT DIN 912 ALLOY MECH ZINC",Y
CAT-0249,PXSOC51611488YZ0249,"5/16-18 X 1-1/4"" SOCKET HEAD CAP SCREW IFI 111 18-8 SS YELLOW ZN",Y
CAT-0250,PXNUT630ALPL0250,M6-1.0 HX NUT ALLOY PLAIN,Y
CAT-0251,PXWASH38288YZ0251,3/8-16 FLAT WASHER DIN 912 18-8 SS YELLOW ZN,Y
CAT-0252,PXHEXN1014BRHG0252,"#10-24 X 1/4"" HEX CAP SCREW ASME B18.2.1 BRASS HDG",Y
CAT-0253,PXLOCK1212BRZC0253,1/2-13 LOCK WSHR BRASS ZINC,Y
CAT-0254,PXNUT1625BRHG0254,M16-2.0 HEX NUT DIN 933 BRASS HDG,Y
CAT-0255,PXHEX630STHG0255,M6-1.0 X 30MM HEX CAP SCREW ASME B18.2.1 STEEL HDG,Y
CAT-0256,PXLOCK530BRYZ0256,M5-0.8 LOCK WASHER DIN 912 BRASS YELLOW ZINC,Y
CAT-0257,PXHEX146A2YZ0257,1/4-20x6FT HX CAP SCREW IFI 111 A2 SS YEL ZINC,Y
CAT-0258,PXBTN141BRHG0258,"1/4-20 X 1"" BUTTON SOC CAP SCR DIN 912 BRASS HDG",Y
CAT-0259,PXLAGN1034STBO0259,"#10-24 X 3/4"" LAG SCREW DIN 912 STEEL BLACK OXIDE",Y
CAT-0260,PXSOC53088MZ0260,M5-0.8 X 30MM SOCKET HEAD CAP SCR ASME B18.2.1 18-8 SS MECH ZN,Y
CAT-0261,PXHEX58A2BO0261,M5-0.8 X 8MM HEX CAP SCREW ISO 7380 A2 SS BLACK OXIDE,Y
CAT-0262,PXROD560STYZ0262,M5-0.8 X 60MM THREADED ROD ASTM A307 STEEL YEL ZINC,Y
CAT-0263,PXLAG1040A2YZ0263,M10-1.5 X 40MM LAG SCR ASME B18.2.1 A2 SS YELLOW ZINC,Y
CAT-0264,PXHEX51634BRPL0264,"5/16-18 X 3/4"" HEX CAP SCREW ASTM A307 BRASS PLAIN",Y
CAT-0265,PXSOC125888YZ0265,"1/2-13 X 5/8"" SOCKET HEAD CAP SCREW DIN 912 18-8 SS YEL ZN",Y
CAT-0266,PXSOCN1038STHG0266,"#10-24x3/8"" soc head cap screw steel hdg",Y
CAT-0267,PXROD34212A2ZC0267,"3/4-10 X 2-1/2"" THREADED ROD ASTM A307 A2 SS ZINC",Y
CAT-0268,PXNUTN10136PL0268,#10-24 hex nut 316 ss pln,Y
CAT-0269,PXLOCK5858ALMZ0269,5/8-11 LOCK WASHER ALLOY MECH ZINC,Y
CAT-0270,PXLOCK1421288YZ0270,1/4-20 LOCK WASHER 18-8 SS YELLOW ZINC,Y
CAT-0271,PXLAG51638BRHG0271,"5/16-18 X 3/8"" LAG SCR ASTM A307 BRASS HDG",Y
CAT-0272,PXHEX8888BO0272,M8-1.25 X 8MM HEX CAP SCREW DIN 933 18-8 SS BLACK OXIDE,Y
CAT-0273,PXHEX343A2YZ0273,"3/4-10x3"" HEX CAP SCREW ASME B18.2.1 A2 SS YELLOW ZN",Y
CAT-0274,PXWASH1214ALHG0274,1/2-13 FLAT WASHER DIN 912 ALLOY HDG,Y
CAT-0275,PXSOC580ALMZ0275,M5-0.8 X 80MM SOC HEAD CAP SCREW ISO 7380 ALLOY MECH ZN,Y
CAT-0276,PXBTN162036YZ0276,M16-2.0x20MM BUTTON SOCKET CAP SCREW ISO 7380 316 SS YELLOW ZN,Y
CAT-0277,PXSOCN8112A2MZ0277,"#8-32 X 1-1/2"" SOC HEAD CAP SCR A2 SS MECH ZINC",Y
CAT-0278,PXHEX381BRHG0278,"3/8-16 X 1"" HX CAP SCR ISO 7380 BRASS HDG",Y
CAT-0279,PXWASH5166ALBO0279,5/16-18 FLAT WASHER DIN 933 ALLOY BLACK OXIDE,Y
CAT-0280,PXPAN440A2HG0280,M4-0.7 X 40MM PHILLIPS PAN MACHINE SCREW DIN 933 A2 SS HDG,Y
CAT-0281,PXHEXN103888YZ0281,"#10-24 X 3/8"" HEX CAP SCREW ASTM A307 18-8 SS YELLOW ZN",Y
CAT-0282,PXLOCK51614ALMZ0282,5/16-18 LOCK WASHER ASTM A307 ALLOY MECH ZN,Y
CAT-0283,PXWASH1616STZC0283,M16-2.0 FLAT WASHER ASME B18.2.1 STEEL ZINC,Y
CAT-0284,PXWASH12112A2MZ0284,1/2-13 FLAT WASHER ASME B18.2.1 A2 SS MECH ZINC,N
CAT-0285,PXLAG1612BRBO0285,M16-2.0 X 12MM LAG SCREW ASME B18.2.1 BRASS BLACK OXIDE,Y
CAT-0286,PXLOCK1612BRPL0286,M16-2.0 LOCK WASHER ASME B18.2.1 BRASS PLAIN,Y
CAT-0287,PXLAGN8388YZ0287,"#8-32 X 3"" LAG SCREW DIN 933 18-8 SS YELLOW ZN",Y
CAT-0288,PXBTN383836BO0288,"3/8-16 X 3/8"" BTN SOCKET CAP SCREW ASME B18.2.1 316 SS BLACK OXIDE",N
CAT-0289,PXWASH51658A2HG0289,5/16-18 FLAT WASHER ASME B18.2.1 A2 SS HDG,Y
CAT-0290,PXLAG122088MZ0290,M12-1.75 X 20MM LAG SCREW 18-8 SS MECH ZINC,Y
CAT-0291,PXSOC81636HG0291,M8-1.25 X 16MM SOCKET HEAD CAP SCR ASTM A307 316 SS HDG,Y
CAT-0292,PXSOC5834STZC0292,"5/8-11x3/4"" SOCKET HEAD CAP SCREW DIN 912 STEEL ZN",Y
CAT-0293,PXWASH44088BO0293,M4-0.7 FLAT WASHER DIN 912 18-8 SS BLACK OXIDE,Y
CAT-0294,PXWASH1625BRYZ0294,M16-2.0 FLAT WASHER DIN 933 BRASS YELLOW ZINC,Y
CAT-0295,PXPAN5821288MZ0295,"5/8-11 X 2-1/2"" PHILLIPS PAN MACH SCR 18-8 SS MECH ZINC",Y
CAT-0296,PXPAN1280ALYZ0296,M12-1.75 X 80MM PHIL PAN MACH SCREW ALLOY YELLOW ZN,Y
CAT-0297,PXPAN106036HG0297,M10-1.5 X 60MM PHIL PAN MACHINE SCR ASME B18.2.1 316 SS HDG,Y
CAT-0298,PXLAG5161A2YZ0298,"5/16-18x1"" LAG SCREW A2 SS YELLOW ZINC",Y
CAT-0299,PXWASH14236BO0299,1/4-20 FLAT WSHR ASTM A307 316 SS BLACK OXIDE,Y
CAT-0300,PXBTN5161BRPL0300,"5/16-18 X 1"" BTN SOCKET CAP SCREW DIN 912 BRASS PLAIN",Y
CAT-0301,PXWASH1421288HG0301,1/4-20 flat washer din 912 18-8 ss hdg,Y
CAT-0302,PXLAG61036ZC0302,M6-1.0 X 10MM LAG SCREW 316 SS ZN,Y
CAT-0303,PXTAP3434STMZ0303,"3/4-10 X 3/4"" TAP BOLT DIN 912 STEEL MECH ZN",Y
CAT-0304,PXSOC3458ALZC0304,"3/4-10 X 5/8"" SOCKET HEAD CAP SCREW ALLOY ZINC",Y
CAT-0305,PXPAN3821288MZ0305,"3/8-16 X 2-1/2"" PHILLIPS PAN MACHINE SCREW 18-8 SS MECH ZINC",Y
CAT-0306,PXLOCK146STPL0306,1/4-20 LOCK WASHER STEEL PLAIN,Y
CAT-0307,PXLAG7162A2BO0307,"7/16-14x2"" LAG SCR A2 SS BLACK OXIDE",Y
CAT-0308,PXLOCK58288MZ0308,5/8-11 LOCK WASHER 18-8 SS MECH ZINC,Y
CAT-0309,PXLOCK5161A2YZ0309,5/16-18 LOCK WASHER DIN 912 A2 SS YELLOW ZINC,Y
CAT-0310,PXPAN51658ALMZ0310,"5/16-18 X 5/8"" PHIL PAN MACHINE SCREW ASME B18.2.1 ALLOY MECH ZINC",Y
CAT-0311,PXBTN128ALZC0311,M12-1.75 X 8MM BTN SOCKET CAP SCREW ALLOY ZINC,Y
CAT-0312,PXROD412STMZ0312,M4-0.7 X 12MM THREADED ROD ASME B18.2.1 STEEL MECH ZINC,Y
CAT-0313,PXHEX810BRBO0313,M8-1.25 X 10MM HX CAP SCREW ASTM A307 BRASS BLACK OXIDE,Y
CAT-0314,PXLAG5821236ZC0314,"5/8-11x2-1/2"" LAG SCREW 316 SS ZN",Y
CAT-0315,PXLAG1620ALYZ0315,M16-2.0 X 20MM LAG SCREW DIN 912 ALLOY YELLOW ZINC,Y
CAT-0316,PXNUT14388ZC0316,1/4-20 HEX NUT 18-8 SS ZINC,Y
CAT-0317,PXPAN122088HG0317,M12-1.75x20MM PHILLIPS PAN MACHINE SCREW ASTM A307 18-8 SS HDG,Y
CAT-0318,PXROD64036ZC0318,M6-1.0 X 40MM THREADED ROD IFI 111 316 SS ZINC,Y
CAT-0319,PXWASH585836BO0319,5/8-11 FLAT WASHER IFI 111 316 SS BLACK OXIDE,Y
CAT-0320,PXHEX101088YZ0320,m10-1.5x10mm hex cap screw astm a307 18-8 ss yel zinc,Y
CAT-0321,PXNUT102536MZ0321,M10-1.5 HX NUT DIN 933 316 SS MECH ZINC,Y
CAT-0322,PXROD825STBO0322,M8-1.25 X 25MM THREADED ROD ASME B18.2.1 STEEL BLACK OXIDE,Y
CAT-0323,PXWASH144ALHG0323,1/4-20 FLAT WASHER ALLOY HDG,Y
CAT-0324,PXROD121236YZ0324,"1/2-13x1/2"" THREADED ROD ASTM A307 316 SS YELLOW ZINC",Y
CAT-0325,PXWASH716112BRMZ0325,7/16-14 FLAT WASHER IFI 111 BRASS MECH ZINC,Y
CAT-0326,PXTAP3834STZC0326,"3/8-16x3/4"" TAP BOLT STEEL ZN",Y
CAT-0327,PXTAP346ALHG0327,3/4-10 x 6ft tap bolt iso 7380 alloy hdg,Y
CAT-0328,PXBTN512A2ZC0328,M5-0.8 X 12MM BUTTON SOC CAP SCREW ISO 7380 A2 SS ZINC,Y
CAT-0329,PXNUT62036HG0329,M6-1.0 HEX NUT 316 SS HDG,Y
CAT-0330,PXBTN3814STMZ0330,"3/8-16 X 1/4"" BUTTON SOCKET CAP SCREW ASTM A307 STEEL MECH ZINC",Y
CAT-0331,PXWASH3438STHG0331,3/4-10 FLAT WASHER STEEL HDG,Y
CAT-0332,PXTAPN82A2ZC0332,"#8-32 x 2"" tap bolt iso 7380 a2 ss zinc",Y
CAT-0333,PXTAP7163488YZ0333,"7/16-14 X 3/4"" TAP BOLT IFI 111 18-8 SS YELLOW ZINC",Y
CAT-0334,PXBTNN81STBO0334,"#8-32x1"" BUTTON SOCKET CAP SCREW ISO 7380 STEEL BLACK OXIDE",Y
CAT-0335,PXTAPN834ALZC0335,"#8-32 X 3/4"" TAP BOLT ALLOY ZN",Y
CAT-0336,PXBTN5812ALHG0336,"5/8-11x1/2"" BTN SOCKET CAP SCREW ISO 7380 ALLOY HDG",Y
CAT-0337,PXLAGN8688ZC0337,#8-32 X 6FT LAG SCREW 18-8 SS ZINC,Y
CAT-0338,PXLAG121BRBO0338,"1/2-13 X 1"" LAG SCREW ASTM A307 BRASS BLACK OXIDE",N
CAT-0339,PXTAP123436ZC0339,"1/2-13 X 3/4"" TAP BOLT DIN 912 316 SS ZINC",Y
CAT-0340,PXLOCK650STHG0340,M6-1.0 LOCK WASHER DIN 912 STEEL HDG,Y
CAT-0341,PXROD85036ZC0341,M8-1.25x50MM THREADED ROD DIN 912 316 SS ZINC,Y
CAT-0342,PXLOCK480ALZC0342,m4-0.7 lock wshr alloy zinc,Y
CAT-0343,PXTAP530STYZ0343,M5-0.8 X 30MM TAP BOLT ASME B18.2.1 STEEL YEL ZINC,Y
CAT-0344,PXLOCK3421288HG0344,3/4-10 LOCK WSHR ISO 7380 18-8 SS HDG,Y
CAT-0345,PXNUT586STHG0345,5/8-11 HEX NUT DIN 933 STEEL HDG,N
CAT-0346,PXBTN1411488BO0346,"1/4-20 X 1-1/4"" BUTTON SOCKET CAP SCR 18-8 SS BLACK OXIDE",Y
CAT-0347,PXPAN680STZC0347,M6-1.0 X 80MM PHILLIPS PAN MACH SCREW STEEL ZINC,Y
CAT-0348,PXTAP586ALZC0348,5/8-11 x 6ft tap bolt astm a307 alloy zinc,Y
CAT-0349,PXLAG716488BO0349,"7/16-14 X 4"" LAG SCR 18-8 SS BLACK OXIDE",Y
CAT-0350,PXPAN38236MZ0350,"3/8-16 X 2"" PHILLIPS PAN MACHINE SCREW DIN 933 316 SS MECH ZINC",Y
CAT-0351,PXSOC38112BRHG0351,"3/8-16 X 1-1/2"" SOC HEAD CAP SCREW DIN 933 BRASS HDG",Y
CAT-0352,PXNUT58488BO0352,5/8-11 HEX NUT 18-8 SS BLACK OXIDE,Y
CAT-0353,PXWASH3421288ZC0353,3/4-10 FLAT WASHER 18-8 SS ZINC,Y
CAT-0354,PXWASH1250A2HG0354,M12-1.75 FLAT WSHR IFI 111 A2 SS HDG,N
CAT-0355,PXSOCN821236BO0355,"#8-32 X 2-1/2"" SOCKET HEAD CAP SCREW ISO 7380 316 SS BLACK OXIDE",Y
CAT-0356,PXSOC716236HG0356,"7/16-14x2"" SOCKET HEAD CAP SCREW 316 SS HDG",Y
CAT-0357,PXSOC58112A2MZ0357,"5/8-11 X 1-1/2"" SOCKET HEAD CAP SCREW ASTM A307 A2 SS MECH ZINC",N
CAT-0358,PXTAP560A2PL0358,M5-0.8 X 60MM TAP BOLT A2 SS PLAIN,Y
CAT-0359,PXNUT14112ALHG0359,1/4-20 HX NUT IFI 111 ALLOY HDG,Y
CAT-0360,PXWASH141STHG0360,1/4-20 FLAT WSHR IFI 111 STEEL HDG,Y
CAT-0361,PXSOC342ALZC0361,"3/4-10 X 2"" SOCKET HEAD CAP SCREW ASME B18.2.1 ALLOY ZN",Y
CAT-0362,PXHEX51688YZ0362,M5-0.8 X 16MM HEX CAP SCR 18-8 SS YEL ZINC,Y
CAT-0363,PXLOCK3458BRMZ0363,3/4-10 LOCK WSHR ISO 7380 BRASS MECH ZN,Y
CAT-0364,PXBTN121636BO0364,M12-1.75 X 16MM BUTTON SOCKET CAP SCREW ISO 7380 316 SS BLACK OXIDE,Y
CAT-0365,PXBTN58STZC0365,M5-0.8 X 8MM BUTTON SOC CAP SCR DIN 933 STEEL ZN,Y
CAT-0366,PXWASH612ALBO0366,M6-1.0 FLAT WASHER IFI 111 ALLOY BLACK OXIDE,Y
CAT-0367,PXSOC660BRPL0367,M6-1.0 X 60MM SOCKET HEAD CAP SCREW BRASS PLAIN,Y
CAT-0368,PXLOCK386A2ZC0368,3/8-16 LOCK WSHR A2 SS ZN,Y
CAT-0369,PXTAP860BRPL0369,M8-1.25 X 60MM TAP BOLT IFI 111 BRASS PLAIN,Y
CAT-0370,PXBTN341BRZC0370,"3/4-10 x 1"" btn soc cap screw din 912 brass zinc",Y
CAT-0371,PXWASH51614ALMZ0371,5/16-18 FLAT WSHR ALLOY MECH ZINC,Y
CAT-0372,PXSOC143A2PL0372,"1/4-20 X 3"" SOC HEAD CAP SCR A2 SS PLAIN",Y
CAT-0373,PXNUT1016A2PL0373,M10-1.5 HEX NUT A2 SS PLAIN,Y
CAT-0374,PXROD71614A2MZ0374,"7/16-14 x 1/4"" threaded rod iso 7380 a2 ss mech zinc",Y
CAT-0375,PXSOC716212STZC0375,"7/16-14 X 2-1/2"" SOCKET HEAD CAP SCR DIN 933 STEEL ZINC",Y
CAT-0376,PXROD1040A2ZC0376,M10-1.5 X 40MM THREADED ROD IFI 111 A2 SS ZINC,N
CAT-0377,PXTAPN1034STMZ0377,"#10-24 X 3/4"" TAP BOLT ASME B18.2.1 STEEL MECH ZINC",Y
CAT-0378,PXWASH1660STBO0378,m16-2.0 flat wshr ifi 111 steel black oxide,Y
CAT-0379,PXSOC1220A2PL0379,M12-1.75 X 20MM SOCKET HEAD CAP SCREW ASME B18.2.1 A2 SS PLAIN,Y
CAT-0380,PXPAN345888HG0380,"3/4-10 X 5/8"" PHILLIPS PAN MACHINE SCREW IFI 111 18-8 SS HDG",Y
CAT-0381,PXHEX460STYZ0381,M4-0.7 X 60MM HEX CAP SCR DIN 912 STEEL YEL ZINC,Y
CAT-0382,PXPAN716236YZ0382,"7/16-14x2"" PHILLIPS PAN MACHINE SCREW 316 SS YELLOW ZINC",Y
CAT-0383,PXWASH1434BRZC0383,1/4-20 FLAT WASHER DIN 933 BRASS ZINC,Y
CAT-0384,PXTAP3458STZC0384,"3/4-10 X 5/8"" TAP BOLT ASME B18.2.1 STEEL ZINC",Y
CAT-0385,PXTAPN1012A2BO0385,"#10-24x1/2"" TAP BOLT DIN 912 A2 SS BLACK OXIDE",N
CAT-0386,PXLOCKN838ALPL0386,#8-32 LOCK WASHER ISO 7380 ALLOY PLAIN,Y
CAT-0387,PXHEX816ALBO0387,M8-1.25 X 16MM HEX CAP SCREW ASTM A307 ALLOY BLACK OXIDE,Y
CAT-0388,PXTAP810A2HG0388,M8-1.25 X 10MM TAP BOLT ASTM A307 A2 SS HDG,Y
CAT-0389,PXWASH43088YZ0389,M4-0.7 FLAT WASHER IFI 111 18-8 SS YELLOW ZINC,Y
CAT-0390,PXTAP68BRPL0390,M6-1.0 X 8MM TAP BOLT ISO 7380 BRASS PLN,Y
CAT-0391,PXROD516336MZ0391,"5/16-18 x 3"" threaded rod astm a307 316 ss mech zinc",Y
CAT-0392,PXRODN1011488MZ0392,"#10-24 X 1-1/4"" THREADED ROD ASME B18.2.1 18-8 SS MECH ZN",Y
CAT-0393,PXLAG1411288HG0393,"1/4-20 x 1-1/2"" lag screw din 933 18-8 ss hdg",Y
CAT-0394,PXNUT124ALHG0394,1/2-13 HEX NUT DIN 912 ALLOY HDG,Y
CAT-0395,PXTAP51634STMZ0395,"5/16-18x3/4"" TAP BOLT ISO 7380 STEEL MECH ZINC",Y
CAT-0396,PXLOCKN8388BO0396,#8-32 LOCK WASHER IFI 111 18-8 SS BLACK OXIDE,Y
CAT-0397,PXLOCK840BRHG0397,M8-1.25 LOCK WASHER BRASS HDG,Y
CAT-0398,PXBTN416STYZ0398,M4-0.7 X 16MM BUTTON SOCKET CAP SCREW STEEL YELLOW ZINC,Y
CAT-0399,PXTAP1210ALPL0399,m12-1.75 x 10mm tap bolt din 933 alloy plain,Y
CAT-0400,PXWASH124036YZ0400,M12-1.75 FLAT WSHR ISO 7380 316 SS YEL ZINC,Y
CAT-0401,PXROD124ALMZ0401,"1/2-13 X 4"" THREADED ROD ISO 7380 ALLOY MECH ZN",Y
CAT-0402,PXLAG38212ALYZ0402,"3/8-16 X 2-1/2"" LAG SCR DIN 933 ALLOY YELLOW ZINC",Y
CAT-0403,PXLAG1238STPL0403,"1/2-13 X 3/8"" LAG SCREW DIN 912 STEEL PLAIN",N
CAT-0404,PXBTN820A2HG0404,M8-1.25x20MM BUTTON SOCKET CAP SCREW ISO 7380 A2 SS HDG,Y
CAT-0405,PXSOC1020ALHG0405,M10-1.5 X 20MM SOCKET HEAD CAP SCREW ASTM A307 ALLOY HDG,Y
CAT-0406,PXSOCN106ALPL0406,#10-24 X 6FT SOC HEAD CAP SCREW ALLOY PLAIN,Y
CAT-0407,PXLAG81688YZ0407,M8-1.25 X 16MM LAG SCREW ISO 7380 18-8 SS YELLOW ZINC,Y
CAT-0408,PXSOC1610STBO0408,M16-2.0 X 10MM SOCKET HEAD CAP SCREW ASTM A307 STEEL BLACK OXIDE,Y
CAT-0409,PXLOCK1610A2BO0409,M16-2.0 LOCK WASHER DIN 912 A2 SS BLACK OXIDE,Y
CAT-0410,PXBTN168088BO0410,M16-2.0x80MM BUTTON SOC CAP SCREW ASME B18.2.1 18-8 SS BLACK OXIDE,Y
CAT-0411,PXLAG480BRHG0411,M4-0.7 X 80MM LAG SCREW BRASS HDG,Y
CAT-0412,PXBTN161088PL0412,M16-2.0 X 10MM BUTTON SOCKET CAP SCREW DIN 912 18-8 SS PLN,Y
CAT-0413,PXWASH5161236YZ0413,5/16-18 FLAT WASHER DIN 933 316 SS YELLOW ZN,Y
CAT-0414,PXNUTN8636ZC0414,#8-32 HEX NUT IFI 111 316 SS ZINC,Y
CAT-0415,PXBTN616STYZ0415,M6-1.0 X 16MM BUTTON SOCKET CAP SCREW ISO 7380 STEEL YELLOW ZINC,Y
CAT-0416,PXBTN161236HG0416,m16-2.0x12mm button socket cap screw iso 7380 316 ss hdg,Y
CAT-0417,PXTAP166088ZC0417,M16-2.0 X 60MM TAP BOLT ASME B18.2.1 18-8 SS ZN,Y
CAT-0418,PXHEX34636YZ0418,3/4-10 X 6FT HX CAP SCREW DIN 912 316 SS YELLOW ZN,Y
CAT-0419,PXLAG143436HG0419,"1/4-20 X 3/4"" LAG SCREW ASME B18.2.1 316 SS HDG",Y
CAT-0420,PXLAG88088BO0420,M8-1.25 X 80MM LAG SCREW IFI 111 18-8 SS BLACK OXIDE,Y
CAT-0421,PXHEX516688ZC0421,5/16-18 X 6FT HX CAP SCREW DIN 912 18-8 SS ZN,Y
CAT-0422,PXNUT830BRYZ0422,M8-1.25 HEX NUT DIN 933 BRASS YELLOW ZINC,Y
CAT-0423,PXROD7165888BO0423,"7/16-14 X 5/8"" THREADED ROD 18-8 SS BLACK OXIDE",Y
CAT-0424,PXHEX1620A2HG0424,M16-2.0 X 20MM HEX CAP SCREW ASTM A307 A2 SS HDG,Y
CAT-0425,PXBTN384STPL0425,"3/8-16 X 4"" BUTTON SOCKET CAP SCREW ASTM A307 STEEL PLN",Y
CAT-0426,PXTAP12212ALHG0426,"1/2-13 X 2-1/2"" TAP BOLT ALLOY HDG",Y
CAT-0427,PXBTN52588PL0427,M5-0.8 X 25MM BUTTON SOC CAP SCREW ASTM A307 18-8 SS PLN,Y
CAT-0428,PXHEX1050STHG0428,M10-1.5 X 50MM HEX CAP SCREW ISO 7380 STEEL HDG,Y
CAT-0429,PXPAN381A2PL0429,"3/8-16 X 1"" PHILLIPS PAN MACHINE SCR ASME B18.2.1 A2 SS PLAIN",Y
CAT-0430,PXNUT5163ALBO0430,5/16-18 HX NUT ASTM A307 ALLOY BLACK OXIDE,Y
CAT-0431,PXSOC1660BRMZ0431,M16-2.0 X 60MM SOC HEAD CAP SCREW ISO 7380 BRASS MECH ZN,Y
CAT-0432,PXTAP1458ALPL0432,"1/4-20 X 5/8"" TAP BOLT ASTM A307 ALLOY PLAIN",Y
CAT-0433,PXRODN1038A2PL0433,"#10-24 X 3/8"" THREADED ROD ASTM A307 A2 SS PLAIN",Y
CAT-0434,PXROD630ALMZ0434,M6-1.0x30MM THREADED ROD ASTM A307 ALLOY MECH ZINC,Y
CAT-0435,PXSOCN8288PL0435,"#8-32 X 2"" SOC HEAD CAP SCREW 18-8 SS PLN",Y
CAT-0436,PXBTN53036YZ0436,M5-0.8 X 30MM BUTTON SOCKET CAP SCR ASME B18.2.1 316 SS YEL ZINC,Y
CAT-0437,PXHEX1025BRYZ0437,M10-1.5 X 25MM HEX CAP SCREW IFI 111 BRASS YELLOW ZINC,Y
CAT-0438,PXTAP1012BRBO0438,M10-1.5 X 12MM TAP BOLT ASME B18.2.1 BRASS BLACK OXIDE,Y
CAT-0439,PXWASH12212STPL0439,1/2-13 FLAT WASHER IFI 111 STEEL PLAIN,Y
CAT-0440,PXWASH850BRPL0440,M8-1.25 FLAT WSHR DIN 933 BRASS PLAIN,Y
CAT-0441,PXTAP580ALBO0441,M5-0.8 X 80MM TAP BOLT IFI 111 ALLOY BLACK OXIDE,Y
CAT-0442,PXPAN71614BRYZ0442,"7/16-14x1/4"" PHIL PAN MACH SCREW IFI 111 BRASS YELLOW ZINC",Y
CAT-0443,PXLOCK1211236BO0443,1/2-13 LOCK WASHER ASTM A307 316 SS BLACK OXIDE,Y
CAT-0444,PXHEX51088HG0444,M5-0.8 X 10MM HEX CAP SCREW 18-8 SS HDG,Y
CAT-0445,PXHEX1660ALHG0445,M16-2.0 X 60MM HEX CAP SCREW IFI 111 ALLOY HDG,Y
CAT-0446,PXNUT382BRHG0446,3/8-16 HEX NUT ASTM A307 BRASS HDG,Y
CAT-0447,PXPAN7166A2HG0447,7/16-14 X 6FT PHILLIPS PAN MACHINE SCREW ASME B18.2.1 A2 SS HDG,Y
CAT-0448,PXPAN38112ALZC0448,"3/8-16 X 1-1/2"" PHILLIPS PAN MACHINE SCR ASME B18.2.1 ALLOY ZINC",Y
CAT-0449,PXLOCK516236MZ0449,5/16-18 LOCK WSHR 316 SS MECH ZINC,Y
CAT-0450,PXSOC5812A2MZ0450,"5/8-11 x 1/2"" socket head cap screw din 912 a2 ss mech zn",N
CAT-0451,PXSOC51658ALYZ0451,"5/16-18 X 5/8"" SOCKET HEAD CAP SCREW ALLOY YELLOW ZINC",Y
CAT-0452,PXTAP102088ZC0452,M10-1.5 X 20MM TAP BOLT ASTM A307 18-8 SS ZINC,Y
CAT-0453,PXNUT38188YZ0453,3/8-16 HX NUT ASME B18.2.1 18-8 SS YELLOW ZN,Y
CAT-0454,PXTAPN103BRZC0454,"#10-24 X 3"" TAP BOLT BRASS ZINC",Y
CAT-0455,PXROD516114A2BO0455,"5/16-18 X 1-1/4"" THREADED ROD DIN 912 A2 SS BLACK OXIDE",N
CAT-0456,PXBTN168STHG0456,m16-2.0 x 8mm button socket cap screw din 912 steel hdg,Y
CAT-0457,PXLAG1630BRBO0457,M16-2.0 X 30MM LAG SCREW ISO 7380 BRASS BLACK OXIDE,Y
CAT-0458,PXROD34112STZC0458,"3/4-10x1-1/2"" THREADED ROD DIN 912 STEEL ZINC",Y
CAT-0459,PXNUT12114ALBO0459,1/2-13 HEX NUT ASTM A307 ALLOY BLACK OXIDE,Y
CAT-0460,PXTAP62088BO0460,M6-1.0 X 20MM TAP BOLT ISO 7380 18-8 SS BLACK OXIDE,Y
CAT-0461,PXLOCK381STMZ0461,3/8-16 LOCK WSHR DIN 933 STEEL MECH ZINC,Y
CAT-0462,PXPAN610BRYZ0462,M6-1.0x10MM PHILLIPS PAN MACHINE SCR BRASS YELLOW ZINC,Y
CAT-0463,PXTAP582STPL0463,"5/8-11 X 2"" TAP BOLT DIN 912 STEEL PLN",Y
CAT-0464,PXSOC585836BO0464,"5/8-11x5/8"" SOC HEAD CAP SCREW DIN 933 316 SS BLACK OXIDE",Y
CAT-0465,PXBTN344STMZ0465,"3/4-10 X 4"" BTN SOCKET CAP SCR DIN 912 STEEL MECH ZINC",Y
CAT-0466,PXSOC62536HG0466,M6-1.0x25MM SOCKET HEAD CAP SCR ISO 7380 316 SS HDG,Y
CAT-0467,PXLOCK123836PL0467,1/2-13 LOCK WSHR ISO 7380 316 SS PLAIN,Y
CAT-0468,PXNUT7166BRBO0468,7/16-14 HEX NUT DIN 912 BRASS BLACK OXIDE,Y
CAT-0469,PXLAG12436BO0469,"1/2-13x4"" LAG SCR ASME B18.2.1 316 SS BLACK OXIDE",Y
CAT-0470,PXLAG7161436ZC0470,"7/16-14x1/4"" LAG SCREW ISO 7380 316 SS ZINC",Y
CAT-0471,PXHEX1630BRZC0471,M16-2.0 X 30MM HEX CAP SCREW DIN 912 BRASS ZN,Y
CAT-0472,PXWASH34112STHG0472,3/4-10 FLAT WSHR DIN 933 STEEL HDG,Y
CAT-0473,PXBTN381BRHG0473,"3/8-16x1"" BTN SOCKET CAP SCREW DIN 933 BRASS HDG",Y
CAT-0474,PXRODN8436BO0474,"#8-32 X 4"" THREADED ROD ASME B18.2.1 316 SS BLACK OXIDE",Y
CAT-0475,PXLOCKN10336BO0475,#10-24 LOCK WSHR DIN 933 316 SS BLACK OXIDE,Y
CAT-0476,PXHEX640BRHG0476,m6-1.0 x 40mm hex cap scr ifi 111 brass hdg,Y
CAT-0477,PXTAP583ALYZ0477,"5/8-11 x 3"" tap bolt ifi 111 alloy yellow zinc",Y
CAT-0478,PXNUT14236HG0478,1/4-20 HEX NUT DIN 912 316 SS HDG,Y
CAT-0479,PXLOCK1060STBO0479,M10-1.5 LOCK WASHER ASTM A307 STEEL BLACK OXIDE,Y
CAT-0480,PXNUT716212STPL0480,7/16-14 HEX NUT STEEL PLAIN,Y
CAT-0481,PXHEX12114BRZC0481,"1/2-13 x 1-1/4"" hex cap screw astm a307 brass zn",Y
CAT-0482,PXWASHN1058STYZ0482,#10-24 FLAT WASHER ISO 7380 STEEL YELLOW ZINC,Y
CAT-0483,PXHEXN8212ALPL0483,"#8-32 X 2-1/2"" HEX CAP SCR IFI 111 ALLOY PLAIN",Y
CAT-0484,PXBTN830BRPL0484,M8-1.25 X 30MM BUTTON SOCKET CAP SCREW ISO 7380 BRASS PLAIN,Y
CAT-0485,PXHEXN8388MZ0485,"#8-32 X 3"" HEX CAP SCREW ISO 7380 18-8 SS MECH ZN",Y
CAT-0486,PXPAN512A2ZC0486,M5-0.8x12MM PHIL PAN MACH SCREW A2 SS ZINC,Y
CAT-0487,PXHEX1012A2ZC0487,M10-1.5x12MM HX CAP SCR ASTM A307 A2 SS ZINC,Y
CAT-0488,PXHEX7166ALBO0488,7/16-14 X 6FT HX CAP SCREW DIN 933 ALLOY BLACK OXIDE,Y
CAT-0489,PXPAN102588MZ0489,M10-1.5 X 25MM PHILLIPS PAN MACHINE SCREW 18-8 SS MECH ZINC,Y
CAT-0490,PXBTN48ALYZ0490,M4-0.7 X 8MM BTN SOCKET CAP SCREW DIN 912 ALLOY YELLOW ZINC,Y
CAT-0491,PXROD516236MZ0491,"5/16-18 X 2"" THREADED ROD ISO 7380 316 SS MECH ZINC",Y
CAT-0492,PXPAN341STMZ0492,"3/4-10 X 1"" PHILLIPS PAN MACH SCREW STEEL MECH ZINC",Y
CAT-0493,PXLAG625BRYZ0493,M6-1.0 X 25MM LAG SCR BRASS YELLOW ZINC,Y
CAT-0494,PXWASH1216STBO0494,M12-1.75 FLAT WASHER ASME B18.2.1 STEEL BLACK OXIDE,Y
CAT-0495,PXROD512A2MZ0495,M5-0.8x12MM THREADED ROD IFI 111 A2 SS MECH ZINC,Y
CAT-0496,PXLAGN1014STYZ0496,"#10-24 X 1/4"" LAG SCREW DIN 912 STEEL YELLOW ZN",N
CAT-0497,PXWASH65088PL0497,M6-1.0 FLAT WASHER ISO 7380 18-8 SS PLN,Y
CAT-0498,PXLAG5161288MZ0498,"5/16-18 X 1/2"" LAG SCR DIN 933 18-8 SS MECH ZINC",Y
CAT-0499,PXROD344A2PL0499,"3/4-10x4"" THREADED ROD IFI 111 A2 SS PLAIN",Y
CAT-0500,PXLOCK14114BRPL0500,1/4-20 LOCK WASHER DIN 912 BRASS PLAIN,Y
CAT-0501,PXWASH5162A2PL0501,5/16-18 FLAT WASHER A2 SS PLAIN,Y
CAT-0502,PXPAN164036YZ0502,M16-2.0 X 40MM PHILLIPS PAN MACHINE SCREW DIN 933 316 SS YELLOW ZN,Y
CAT-0503,PXPAN51688BO0503,M5-0.8x16MM PHILLIPS PAN MACHINE SCR ASTM A307 18-8 SS BLACK OXIDE,Y
CAT-0504,PXLOCK1434STYZ0504,1/4-20 LOCK WASHER STEEL YELLOW ZN,Y
CAT-0505,PXTAP7161STHG0505,"7/16-14x1"" TAP BOLT IFI 111 STEEL HDG",Y
CAT-0506,PXTAP1650BRZC0506,M16-2.0 X 50MM TAP BOLT ASTM A307 BRASS ZINC,Y
CAT-0507,PXHEX71658ALZC0507,"7/16-14 X 5/8"" HEX CAP SCR ASME B18.2.1 ALLOY ZINC",Y
CAT-0508,PXSOC830BRZC0508,M8-1.25 X 30MM SOC HEAD CAP SCREW ASME B18.2.1 BRASS ZN,Y
CAT-0509,PXROD1212ALHG0509,M12-1.75x12MM THREADED ROD ASTM A307 ALLOY HDG,Y
CAT-0510,PXBTN1210BRPL0510,M12-1.75 X 10MM BTN SOC CAP SCREW BRASS PLN,Y
CAT-0511,PXBTN1080STBO0511,M10-1.5 X 80MM BUTTON SOC CAP SCREW DIN 933 STEEL BLACK OXIDE,Y
CAT-0512,PXSOC141BRYZ0512,"1/4-20 X 1"" SOC HEAD CAP SCREW ASTM A307 BRASS YELLOW ZINC",Y
CAT-0513,PXROD680ALMZ0513,M6-1.0 X 80MM THREADED ROD ISO 7380 ALLOY MECH ZINC,Y
CAT-0514,PXROD810BRPL0514,M8-1.25 X 10MM THREADED ROD BRASS PLAIN,Y
CAT-0515,PXPAN1221288PL0515,"1/2-13 X 2-1/2"" PHILLIPS PAN MACH SCR ASTM A307 18-8 SS PLAIN",Y
CAT-0516,PXSOC108BRBO0516,M10-1.5 X 8MM SOCKET HEAD CAP SCREW DIN 933 BRASS BLACK OXIDE,N
CAT-0517,PXTAP108ALPL0517,M10-1.5 X 8MM TAP BOLT DIN 933 ALLOY PLN,Y
CAT-0518,PXPANN82STMZ0518,"#8-32 X 2"" PHILLIPS PAN MACH SCREW STEEL MECH ZINC",Y
CAT-0519,PXNUT128BRBO0519,M12-1.75 HEX NUT BRASS BLACK OXIDE,Y
CAT-0520,PXWASH830BRZC0520,M8-1.25 FLAT WASHER DIN 933 BRASS ZN,Y
CAT-0521,PXTAP410A2PL0521,M4-0.7 X 10MM TAP BOLT ASTM A307 A2 SS PLAIN,Y
CAT-0522,PXSOC1210A2HG0522,M12-1.75 X 10MM SOCKET HEAD CAP SCREW ASME B18.2.1 A2 SS HDG,Y
CAT-0523,PXLAGN103836ZC0523,"#10-24 X 3/8"" LAG SCREW ASTM A307 316 SS ZINC",Y
CAT-0524,PXSOC58ALZC0524,M5-0.8 X 8MM SOCKET HEAD CAP SCREW IFI 111 ALLOY ZN,Y
CAT-0525,PXPAN12112STZC0525,"1/2-13x1-1/2"" PHILLIPS PAN MACHINE SCREW ASME B18.2.1 STEEL ZINC",Y
CAT-0526,PXWASH1210A2ZC0526,M12-1.75 FLAT WSHR A2 SS ZINC,Y
CAT-0527,PXPANN1038BRHG0527,"#10-24 X 3/8"" PHILLIPS PAN MACH SCR ASME B18.2.1 BRASS HDG",N
CAT-0528,PXLAG122ALBO0528,"1/2-13 X 2"" LAG SCR DIN 912 ALLOY BLACK OXIDE",Y
CAT-0529,PXSOCN8114ALYZ0529,"#8-32x1-1/4"" SOCKET HEAD CAP SCR ALLOY YELLOW ZINC",Y
CAT-0530,PXTAP125888ZC0530,"1/2-13 X 5/8"" TAP BOLT DIN 912 18-8 SS ZINC",Y
CAT-0531,PXHEX1438STMZ0531,"1/4-20 X 3/8"" HX CAP SCREW STEEL MECH ZINC",Y
CAT-0532,PXWASH412BRZC0532,M4-0.7 FLAT WASHER DIN 933 BRASS ZINC,Y
CAT-0533,PXLAG384BRHG0533,"3/8-16 X 4"" LAG SCR BRASS HDG",Y
CAT-0534,PXSOCN104STPL0534,"#10-24 X 4"" SOC HEAD CAP SCREW ISO 7380 STEEL PLAIN",Y
CAT-0535,PXLOCK5164BRYZ0535,5/16-18 LOCK WASHER IFI 111 BRASS YELLOW ZINC,Y
CAT-0536,PXPANN812STBO0536,"#8-32 x 1/2"" phillips pan mach screw din 933 steel black oxide",Y
CAT-0537,PXROD3412A2ZC0537,"3/4-10x1/2"" THREADED ROD ASTM A307 A2 SS ZINC",Y
CAT-0538,PXTAP516114BRHG0538,"5/16-18x1-1/4"" TAP BOLT DIN 933 BRASS HDG",Y
CAT-0539,PXSOC34436BO0539,"3/4-10x4"" SOCKET HEAD CAP SCREW DIN 912 316 SS BLACK OXIDE",Y
CAT-0540,PXLAG5814BRYZ0540,"5/8-11 X 1/4"" LAG SCREW DIN 912 BRASS YELLOW ZINC",Y
CAT-0541,PXLAG1640ALZC0541,M16-2.0 X 40MM LAG SCREW IFI 111 ALLOY ZINC,Y
CAT-0542,PXPAN71621288BO0542,"7/16-14 X 2-1/2"" PHILLIPS PAN MACH SCREW ASTM A307 18-8 SS BLACK OXIDE",Y
CAT-0543,PXBTN1660STYZ0543,M16-2.0 X 60MM BTN SOCKET CAP SCREW ASTM A307 STEEL YELLOW ZINC,Y
CAT-0544,PXLOCK516336HG0544,5/16-18 LOCK WASHER ASTM A307 316 SS HDG,Y
CAT-0545,PXROD141488MZ0545,"1/4-20x1/4"" THREADED ROD 18-8 SS MECH ZINC",Y
CAT-0546,PXTAP516212A2ZC0546,"5/16-18 X 2-1/2"" TAP BOLT ASTM A307 A2 SS ZINC",Y
CAT-0547,PXNUT3858BRPL0547,3/8-16 hex nut din 912 brass plain,Y
CAT-0548,PXROD1221288MZ0548,"1/2-13 x 2-1/2"" threaded rod 18-8 ss mech zn",Y
CAT-0549,PXBTN68ALPL0549,M6-1.0 X 8MM BUTTON SOC CAP SCREW DIN 912 ALLOY PLN,N
CAT-0550,PXTAP816BRHG0550,M8-1.25x16MM TAP BOLT ASME B18.2.1 BRASS HDG,Y
CAT-0551,PXNUT122536PL0551,M12-1.75 HEX NUT DIN 912 316 SS PLAIN,Y
CAT-0552,PXROD3858BRPL0552,"3/8-16 X 5/8"" THREADED ROD ISO 7380 BRASS PLAIN",Y
CAT-0553,PXLOCK1250BRZC0553,m12-1.75 lock washer astm a307 brass zinc,Y
CAT-0554,PXBTNN82ALHG0554,"#8-32x2"" BTN SOC CAP SCREW DIN 912 ALLOY HDG",Y
CAT-0555,PXPAN141436PL0555,"1/4-20x1/4"" PHILLIPS PAN MACHINE SCREW ASME B18.2.1 316 SS PLAIN",Y
CAT-0556,PXPAN63036MZ0556,M6-1.0 X 30MM PHILLIPS PAN MACHINE SCREW DIN 912 316 SS MECH ZINC,Y
CAT-0557,PXHEXN106ALYZ0557,#10-24 X 6FT HEX CAP SCREW ISO 7380 ALLOY YELLOW ZINC,Y
CAT-0558,PXROD1080BRZC0558,M10-1.5 X 80MM THREADED ROD DIN 912 BRASS ZINC,Y
CAT-0559,PXWASH108BRPL0559,M10-1.5 FLAT WSHR DIN 912 BRASS PLAIN,Y
CAT-0560,PXLAG85088PL0560,M8-1.25 X 50MM LAG SCREW ASTM A307 18-8 SS PLAIN,Y
CAT-0561,PXPAN53088ZC0561,M5-0.8 X 30MM PHILLIPS PAN MACHINE SCREW ASME B18.2.1 18-8 SS ZINC,Y
CAT-0562,PXROD440A2YZ0562,M4-0.7 X 40MM THREADED ROD A2 SS YELLOW ZINC,Y
CAT-0563,PXTAPN83ALHG0563,"#8-32 X 3"" TAP BOLT IFI 111 ALLOY HDG",Y
CAT-0564,PXPAN1630STMZ0564,M16-2.0x30MM PHILLIPS PAN MACHINE SCREW DIN 933 STEEL MECH ZINC,Y
CAT-0565,PXPAN7163436MZ0565,"7/16-14 x 3/4"" phillips pan machine screw 316 ss mech zinc",Y
CAT-0566,PXTAPN10114STYZ0566,"#10-24 X 1-1/4"" TAP BOLT ISO 7380 STEEL YEL ZINC",Y
CAT-0567,PXLOCK144BRHG0567,1/4-20 LOCK WSHR IFI 111 BRASS HDG,Y
CAT-0568,PXLAGN82STMZ0568,"#8-32 X 2"" LAG SCREW DIN 912 STEEL MECH ZINC",Y
CAT-0569,PXTAPN106BRBO0569,#10-24 X 6FT TAP BOLT ISO 7380 BRASS BLACK OXIDE,Y
CAT-0570,PXNUT34336MZ0570,3/4-10 HEX NUT DIN 933 316 SS MECH ZINC,Y
CAT-0571,PXLAG716114BRHG0571,"7/16-14x1-1/4"" LAG SCR BRASS HDG",Y
CAT-0572,PXNUT1230ALMZ0572,M12-1.75 HX NUT DIN 912 ALLOY MECH ZINC,Y
CAT-0573,PXTAP1630BRYZ0573,M16-2.0x30MM TAP BOLT BRASS YELLOW ZN,Y
CAT-0574,PXHEXN1012BRPL0574,"#10-24x1/2"" HEX CAP SCREW ISO 7380 BRASS PLAIN",Y
CAT-0575,PXSOC104036BO0575,M10-1.5 X 40MM SOCKET HEAD CAP SCREW ASME B18.2.1 316 SS BLACK OXIDE,Y
CAT-0576,PXWASH143ALYZ0576,1/4-20 FLAT WASHER ALLOY YEL ZINC,Y
CAT-0577,PXHEX450A2HG0577,M4-0.7 X 50MM HEX CAP SCREW ASME B18.2.1 A2 SS HDG,Y
CAT-0578,PXLAG1260A2MZ0578,M12-1.75 X 60MM LAG SCREW DIN 912 A2 SS MECH ZINC,Y
CAT-0579,PXSOC65036PL0579,M6-1.0 X 50MM SOCKET HEAD CAP SCR ASTM A307 316 SS PLAIN,Y
CAT-0580,PXHEX716212STMZ0580,"7/16-14 X 2-1/2"" HEX CAP SCR ISO 7380 STEEL MECH ZINC",Y
CAT-0581,PXPAN1234BRPL0581,"1/2-13x3/4"" PHILLIPS PAN MACHINE SCREW BRASS PLAIN",Y
CAT-0582,PXPAN1230STZC0582,M12-1.75x30MM PHIL PAN MACHINE SCREW ASTM A307 STEEL ZN,Y
CAT-0583,PXBTNN104ALPL0583,"#10-24 x 4"" button soc cap screw alloy plain",Y
CAT-0584,PXWASH46088YZ0584,M4-0.7 FLAT WASHER 18-8 SS YEL ZN,Y
CAT-0585,PXTAP381236BO0585,"3/8-16 X 1/2"" TAP BOLT 316 SS BLACK OXIDE",Y
CAT-0586,PXTAP1225ALPL0586,M12-1.75x25MM TAP BOLT ASME B18.2.1 ALLOY PLAIN,Y
CAT-0587,PXLAG580ALZC0587,M5-0.8 X 80MM LAG SCREW ALLOY ZINC,Y
CAT-0588,PXTAP581ALPL0588,"5/8-11x1"" TAP BOLT ASTM A307 ALLOY PLAIN",Y
CAT-0589,PXHEX54036BO0589,M5-0.8 X 40MM HX CAP SCREW DIN 933 316 SS BLACK OXIDE,Y
CAT-0590,PXLAGN10188ZC0590,"#10-24 X 1"" LAG SCREW ASTM A307 18-8 SS ZN",Y
CAT-0591,PXLAG51634A2MZ0591,"5/16-18x3/4"" LAG SCREW DIN 912 A2 SS MECH ZINC",Y
CAT-0592,PXROD1411436PL0592,"1/4-20 X 1-1/4"" THREADED ROD ASME B18.2.1 316 SS PLAIN",Y
CAT-0593,PXTAP85088PL0593,m8-1.25 x 50mm tap bolt astm a307 18-8 ss plain,Y
CAT-0594,PXLAG520BRPL0594,M5-0.8 X 20MM LAG SCREW DIN 912 BRASS PLAIN,Y
CAT-0595,PXPANN8212STBO0595,"#8-32 X 2-1/2"" PHILLIPS PAN MACHINE SCREW ISO 7380 STEEL BLACK OXIDE",Y
CAT-0596,PXLOCK141236MZ0596,1/4-20 LOCK WASHER IFI 111 316 SS MECH ZINC,Y
CAT-0597,PXBTNN1034A2YZ0597,"#10-24x3/4"" BUTTON SOCKET CAP SCREW ISO 7380 A2 SS YELLOW ZN",Y
CAT-0598,PXWASH12488ZC0598,1/2-13 FLAT WASHER ASME B18.2.1 18-8 SS ZN,Y
CAT-0599,PXHEX165088BO0599,M16-2.0 X 50MM HEX CAP SCR ASTM A307 18-8 SS BLACK OXIDE,Y
CAT-0600,PXPAN430STYZ0600,M4-0.7 X 30MM PHIL PAN MACH SCR DIN 912 STEEL YELLOW ZN,Y
CAT-0601,PXNUTN10212A2BO0601,#10-24 HEX NUT ASME B18.2.1 A2 SS BLACK OXIDE,Y
CAT-0602,PXHEX5164STPL0602,"5/16-18x4"" HX CAP SCREW DIN 933 STEEL PLAIN",Y
CAT-0603,PXLAG82536PL0603,M8-1.25x25MM LAG SCR 316 SS PLAIN,Y
CAT-0604,PXHEXN1021236MZ0604,"#10-24x2-1/2"" HX CAP SCREW ASTM A307 316 SS MECH ZINC",Y
CAT-0605,PXLOCK540BRMZ0605,M5-0.8 LOCK WASHER IFI 111 BRASS MECH ZINC,Y
CAT-0606,PXBTN383488BO0606,"3/8-16 X 3/4"" BTN SOCKET CAP SCREW DIN 912 18-8 SS BLACK OXIDE",Y
CAT-0607,PXTAP124ALHG0607,"1/2-13 X 4"" TAP BOLT DIN 933 ALLOY HDG",Y
CAT-0608,PXTAP1238ALMZ0608,"1/2-13 X 3/8"" TAP BOLT ASTM A307 ALLOY MECH ZINC",Y
CAT-0609,PXPAN1020ALPL0609,M10-1.5 X 20MM PHIL PAN MACHINE SCREW DIN 933 ALLOY PLAIN,Y
CAT-0610,PXTAP1025A2ZC0610,M10-1.5 X 25MM TAP BOLT IFI 111 A2 SS ZINC,Y
CAT-0611,PXLOCK1212ALBO0611,M12-1.75 LOCK WASHER ALLOY BLACK OXIDE,Y
CAT-0612,PXWASH55088ZC0612,m5-0.8 flat wshr 18-8 ss zn,Y
CAT-0613,PXTAP1280ALMZ0613,M12-1.75 X 80MM TAP BOLT ASME B18.2.1 ALLOY MECH ZINC,Y
CAT-0614,PXPAN6888BO0614,M6-1.0 X 8MM PHIL PAN MACHINE SCR 18-8 SS BLACK OXIDE,Y
CAT-0615,PXSOC71612ALHG0615,"7/16-14 X 1/2"" SOCKET HEAD CAP SCREW ISO 7380 ALLOY HDG",Y
CAT-0616,PXSOC121688YZ0616,M12-1.75 X 16MM SOCKET HEAD CAP SCREW 18-8 SS YELLOW ZINC,Y
CAT-0617,PXNUT840STZC0617,M8-1.25 HEX NUT STEEL ZINC,Y
CAT-0618,PXTAP38288MZ0618,"3/8-16 x 2"" tap bolt ifi 111 18-8 ss mech zinc",Y
CAT-0619,PXWASH88BRBO0619,M8-1.25 FLAT WASHER ASME B18.2.1 BRASS BLACK OXIDE,N
CAT-0620,PXSOC582ALMZ0620,"5/8-11 X 2"" SOCKET HEAD CAP SCREW DIN 912 ALLOY MECH ZINC",Y
CAT-0621,PXROD585888ZC0621,"5/8-11 X 5/8"" THREADED ROD ASTM A307 18-8 SS ZINC",Y
CAT-0622,PXLOCK121036ZC0622,M12-1.75 LOCK WASHER 316 SS ZN,Y
CAT-0623,PXBTN121288MZ0623,M12-1.75 X 12MM BTN SOCKET CAP SCR 18-8 SS MECH ZINC,Y
CAT-0624,PXWASH816A2BO0624,M8-1.25 FLAT WSHR DIN 912 A2 SS BLACK OXIDE,Y
CAT-0625,PXLAG58112STMZ0625,"5/8-11 X 1-1/2"" LAG SCREW DIN 912 STEEL MECH ZINC",Y
CAT-0626,PXNUT3838ALHG0626,3/8-16 HEX NUT DIN 933 ALLOY HDG,Y
CAT-0627,PXTAP1016STMZ0627,M10-1.5x16MM TAP BOLT IFI 111 STEEL MECH ZINC,Y
CAT-0628,PXWASH5811288BO0628,5/8-11 FLAT WASHER ASME B18.2.1 18-8 SS BLACK OXIDE,Y
CAT-0629,PXTAP83036ZC0629,M8-1.25x30MM TAP BOLT IFI 111 316 SS ZINC,Y
CAT-0630,PXNUT3811236HG0630,3/8-16 HX NUT ISO 7380 316 SS HDG,Y
CAT-0631,PXSOC616STBO0631,M6-1.0 X 16MM SOC HEAD CAP SCR ASME B18.2.1 STEEL BLACK OXIDE,Y
CAT-0632,PXNUT126036ZC0632,M12-1.75 HEX NUT ISO 7380 316 SS ZINC,Y
CAT-0633,PXSOC1240STMZ0633,M12-1.75 X 40MM SOC HEAD CAP SCR STEEL MECH ZINC,Y
CAT-0634,PXROD34114BRZC0634,"3/4-10x1-1/4"" threaded rod brass zn",Y
CAT-0635,PXROD144ALYZ0635,"1/4-20 X 4"" THREADED ROD DIN 912 ALLOY YELLOW ZINC",Y
CAT-0636,PXSOC48A2PL0636,m4-0.7 x 8mm socket head cap scr asme b18.2.1 a2 ss pln,Y
CAT-0637,PXPAN1080STPL0637,M10-1.5 X 80MM PHIL PAN MACH SCREW IFI 111 STEEL PLN,Y
CAT-0638,PXLAG584ALZC0638,"5/8-11 X 4"" LAG SCREW ALLOY ZINC",Y
CAT-0639,PXHEX38236PL0639,"3/8-16x2"" HEX CAP SCREW ASTM A307 316 SS PLAIN",Y
CAT-0640,PXLOCK14112ALHG0640,1/4-20 LOCK WASHER DIN 933 ALLOY HDG,Y
CAT-0641,PXTAPN10112BRZC0641,"#10-24 X 1-1/2"" TAP BOLT BRASS ZINC",N
CAT-0642,PXBTN7162A2YZ0642,"7/16-14x2"" BTN SOCKET CAP SCR ASME B18.2.1 A2 SS YELLOW ZINC",Y
CAT-0643,PXBTN165036PL0643,M16-2.0 X 50MM BTN SOCKET CAP SCREW IFI 111 316 SS PLAIN,Y
CAT-0644,PXHEX581A2HG0644,"5/8-11 X 1"" HEX CAP SCREW A2 SS HDG",Y
CAT-0645,PXLOCK383STYZ0645,3/8-16 LOCK WASHER ASTM A307 STEEL YEL ZN,Y
CAT-0646,PXLAG510A2YZ0646,m5-0.8 x 10mm lag scr din 933 a2 ss yellow zn,Y
CAT-0647,PXHEX1238STPL0647,"1/2-13 X 3/8"" HEX CAP SCR IFI 111 STEEL PLAIN",Y
CAT-0648,PXTAP143BRHG0648,"1/4-20 X 3"" TAP BOLT DIN 933 BRASS HDG",Y
CAT-0649,PXPANN105888YZ0649,"#10-24 X 5/8"" PHIL PAN MACHINE SCREW 18-8 SS YELLOW ZINC",Y
CAT-0650,PXWASH3414ALHG0650,3/4-10 FLAT WSHR ISO 7380 ALLOY HDG,Y
CAT-0651,PXBTN860STBO0651,M8-1.25x60MM BUTTON SOCKET CAP SCR ISO 7380 STEEL BLACK OXIDE,Y
CAT-0652,PXROD3458ALMZ0652,"3/4-10 X 5/8"" THREADED ROD ASME B18.2.1 ALLOY MECH ZINC",Y
CAT-0653,PXHEXN105836ZC0653,"#10-24 X 5/8"" HEX CAP SCREW ASME B18.2.1 316 SS ZINC",Y
CAT-0654,PXBTN12436BO0654,"1/2-13x4"" BUTTON SOC CAP SCREW 316 SS BLACK OXIDE",Y
CAT-0655,PXNUT1660STZC0655,M16-2.0 HEX NUT DIN 933 STEEL ZINC,Y
CAT-0656,PXROD1220BRYZ0656,M12-1.75 X 20MM THREADED ROD ASME B18.2.1 BRASS YEL ZINC,N
CAT-0657,PXHEX51612STMZ0657,"5/16-18 X 1/2"" HEX CAP SCREW DIN 912 STEEL MECH ZINC",Y
CAT-0658,PXWASH1612BRHG0658,M16-2.0 FLAT WASHER ASTM A307 BRASS HDG,Y
CAT-0659,PXSOC12212BRYZ0659,"1/2-13 X 2-1/2"" SOCKET HEAD CAP SCREW ASME B18.2.1 BRASS YEL ZINC",Y
CAT-0660,PXPAN1212STHG0660,M12-1.75 X 12MM PHILLIPS PAN MACHINE SCREW DIN 912 STEEL HDG,Y
CAT-0661,PXROD38114ALYZ0661,"3/8-16 X 1-1/4"" THREADED ROD DIN 933 ALLOY YEL ZINC",Y
CAT-0662,PXLOCK625STPL0662,M6-1.0 LOCK WASHER DIN 912 STEEL PLAIN,N
CAT-0663,PXROD163088MZ0663,M16-2.0x30MM THREADED ROD 18-8 SS MECH ZINC,Y
CAT-0664,PXWASH5164BRHG0664,5/16-18 FLAT WASHER BRASS HDG,Y
CAT-0665,PXPANN10212ALYZ0665,"#10-24x2-1/2"" PHILLIPS PAN MACH SCREW ISO 7380 ALLOY YELLOW ZINC",Y
CAT-0666,PXPAN830A2BO0666,M8-1.25 X 30MM PHIL PAN MACHINE SCR DIN 912 A2 SS BLACK OXIDE,Y
CAT-0667,PXBTN14212BRZC0667,"1/4-20 X 2-1/2"" BTN SOCKET CAP SCREW DIN 912 BRASS ZINC",N
CAT-0668,PXBTN14236BO0668,"1/4-20 X 2"" BTN SOC CAP SCREW ASTM A307 316 SS BLACK OXIDE",Y
CAT-0669,PXROD581STZC0669,"5/8-11 X 1"" THREADED ROD ASME B18.2.1 STEEL ZN",Y
CAT-0670,PXPAN48088MZ0670,M4-0.7x80MM PHILLIPS PAN MACH SCREW ASTM A307 18-8 SS MECH ZINC,Y
CAT-0671,PXPAN1250ALMZ0671,m12-1.75 x 50mm phillips pan machine scr asme b18.2.1 alloy mech zinc,Y
CAT-0672,PXNUT51634A2ZC0672,5/16-18 HEX NUT A2 SS ZN,Y
CAT-0673,PXHEX1211236PL0673,"1/2-13x1-1/2"" HEX CAP SCR DIN 933 316 SS PLAIN",Y
CAT-0674,PXSOCN101288HG0674,"#10-24 X 1/2"" SOCKET HEAD CAP SCR DIN 912 18-8 SS HDG",Y
CAT-0675,PXWASH525A2PL0675,M5-0.8 FLAT WASHER ASTM A307 A2 SS PLAIN,Y
CAT-0676,PXPAN41688ZC0676,M4-0.7 X 16MM PHILLIPS PAN MACHINE SCR ASME B18.2.1 18-8 SS ZN,Y
CAT-0677,PXBTN38114STPL0677,"3/8-16 X 1-1/4"" BUTTON SOC CAP SCR ASME B18.2.1 STEEL PLAIN",Y
CAT-0678,PXLOCK516636YZ0678,5/16-18 LOCK WASHER DIN 933 316 SS YEL ZINC,Y
CAT-0679,PXTAP1421236MZ0679,"1/4-20 X 2-1/2"" TAP BOLT ISO 7380 316 SS MECH ZN",Y
CAT-0680,PXHEX860A2PL0680,M8-1.25 X 60MM HX CAP SCR IFI 111 A2 SS PLAIN,Y
CAT-0681,PXPANN101BRYZ0681,"#10-24 X 1"" PHIL PAN MACHINE SCR ASTM A307 BRASS YELLOW ZINC",Y
CAT-0682,PXSOC412STYZ0682,m4-0.7 x 12mm soc head cap screw steel yel zinc,Y
CAT-0683,PXWASH344BRPL0683,3/4-10 FLAT WSHR BRASS PLAIN,Y
CAT-0684,PXBTN1411288ZC0684,"1/4-20 X 1-1/2"" BUTTON SOC CAP SCR 18-8 SS ZINC",Y
CAT-0685,PXSOC41688PL0685,M4-0.7 X 16MM SOCKET HEAD CAP SCREW ASME B18.2.1 18-8 SS PLAIN,Y
CAT-0686,PXLOCKN104ALYZ0686,#10-24 lock washer iso 7380 alloy yellow zinc,Y
CAT-0687,PXLOCK583436YZ0687,5/8-11 LOCK WASHER ASME B18.2.1 316 SS YELLOW ZINC,Y
CAT-0688,PXWASH88088PL0688,M8-1.25 FLAT WASHER ISO 7380 18-8 SS PLAIN,Y
CAT-0689,PXPAN82088ZC0689,M8-1.25 X 20MM PHILLIPS PAN MACHINE SCREW 18-8 SS ZINC,Y
CAT-0690,PXPAN343STBO0690,"3/4-10 x 3"" phil pan machine screw din 933 steel black oxide",Y
CAT-0691,PXPANN1034STYZ0691,"#10-24 X 3/4"" PHILLIPS PAN MACH SCREW IFI 111 STEEL YELLOW ZINC",Y
CAT-0692,PXNUT525STHG0692,M5-0.8 HX NUT ASME B18.2.1 STEEL HDG,Y
CAT-0693,PXWASH122588BO0693,M12-1.75 FLAT WASHER DIN 933 18-8 SS BLACK OXIDE,Y
CAT-0694,PXHEX3834ALMZ0694,"3/8-16 X 3/4"" HEX CAP SCREW ASTM A307 ALLOY MECH ZN",Y
CAT-0695,PXNUT108A2BO0695,M10-1.5 HEX NUT ASME B18.2.1 A2 SS BLACK OXIDE,N
CAT-0696,PXSOCN10212STYZ0696,"#10-24 X 2-1/2"" SOCKET HEAD CAP SCREW STEEL YELLOW ZN",Y
CAT-0697,PXSOC1630STHG0697,m16-2.0x30mm soc head cap scr din 912 steel hdg,Y
CAT-0698,PXNUT583BRMZ0698,5/8-11 HEX NUT DIN 912 BRASS MECH ZINC,Y
CAT-0699,PXROD516212ALMZ0699,"5/16-18 X 2-1/2"" THREADED ROD ASTM A307 ALLOY MECH ZINC",Y
CAT-0700,PXLOCK168036HG0700,M16-2.0 LOCK WASHER 316 SS HDG,Y
CAT-0701,PXWASH1220STHG0701,M12-1.75 FLAT WASHER STEEL HDG,Y
CAT-0702,PXROD71638BRYZ0702,"7/16-14 X 3/8"" THREADED ROD ASTM A307 BRASS YELLOW ZN",N
CAT-0703,PXBTN420BRZC0703,M4-0.7x20MM BUTTON SOCKET CAP SCREW BRASS ZN,Y
CAT-0704,PXHEX341236ZC0704,"3/4-10x1/2"" HEX CAP SCR DIN 912 316 SS ZINC",Y
CAT-0705,PXLOCK12336ZC0705,1/2-13 LOCK WASHER 316 SS ZN,N
CAT-0706,PXHEX1625BRYZ0706,M16-2.0x25MM HX CAP SCREW DIN 912 BRASS YELLOW ZINC,Y
CAT-0707,PXPAN85088YZ0707,M8-1.25 X 50MM PHIL PAN MACHINE SCREW DIN 912 18-8 SS YELLOW ZINC,Y
CAT-0708,PXHEX5814STHG0708,"5/8-11 X 1/4"" HX CAP SCREW STEEL HDG",Y
CAT-0709,PXLOCK71611436BO0709,7/16-14 LOCK WASHER IFI 111 316 SS BLACK OXIDE,Y
CAT-0710,PXNUT560STMZ0710,M5-0.8 HX NUT DIN 933 STEEL MECH ZINC,Y
CAT-0711,PXPAN62036YZ0711,M6-1.0 X 20MM PHILLIPS PAN MACHINE SCREW 316 SS YELLOW ZN,Y
CAT-0712,PXTAP4888PL0712,m4-0.7x8mm tap bolt ifi 111 18-8 ss plain,Y
CAT-0713,PXROD88STPL0713,M8-1.25 X 8MM THREADED ROD STEEL PLAIN,Y
CAT-0714,PXTAP420A2ZC0714,M4-0.7 X 20MM TAP BOLT A2 SS ZN,Y
CAT-0715,PXROD386ALPL0715,3/8-16 X 6FT THREADED ROD ASME B18.2.1 ALLOY PLAIN,Y
CAT-0716,PXNUTN8114A2BO0716,#8-32 HX NUT DIN 933 A2 SS BLACK OXIDE,Y
CAT-0717,PXPAN1458A2BO0717,"1/4-20 X 5/8"" PHILLIPS PAN MACH SCREW ASME B18.2.1 A2 SS BLACK OXIDE",Y
CAT-0718,PXSOC141436PL0718,"1/4-20 X 1/4"" SOCKET HEAD CAP SCREW ASME B18.2.1 316 SS PLN",Y
CAT-0719,PXNUT1212BRMZ0719,M12-1.75 HEX NUT DIN 933 BRASS MECH ZINC,Y
CAT-0720,PXLOCK581ALPL0720,5/8-11 LOCK WSHR DIN 933 ALLOY PLAIN,N
CAT-0721,PXPAN1258BRBO0721,"1/2-13 X 5/8"" PHILLIPS PAN MACHINE SCR ASME B18.2.1 BRASS BLACK OXIDE",Y
CAT-0722,PXLAG38236HG0722,"3/8-16 X 2"" LAG SCREW DIN 933 316 SS HDG",Y
CAT-0723,PXLAG3811436ZC0723,"3/8-16 X 1-1/4"" LAG SCREW ASTM A307 316 SS ZINC",Y
CAT-0724,PXWASH7163436BO0724,7/16-14 FLAT WASHER 316 SS BLACK OXIDE,Y
CAT-0725,PXPAN3412BRMZ0725,"3/4-10 X 1/2"" PHIL PAN MACHINE SCREW DIN 912 BRASS MECH ZINC",Y
CAT-0726,PXSOC610STBO0726,M6-1.0 X 10MM SOCKET HEAD CAP SCREW ASTM A307 STEEL BLACK OXIDE,Y
CAT-0727,PXLAG53088YZ0727,M5-0.8 X 30MM LAG SCREW IFI 111 18-8 SS YELLOW ZINC,Y
CAT-0728,PXTAP126088YZ0728,M12-1.75 X 60MM TAP BOLT ISO 7380 18-8 SS YELLOW ZINC,Y
CAT-0729,PXHEX58388YZ0729,"5/8-11x3"" HEX CAP SCREW ASTM A307 18-8 SS YELLOW ZINC",Y
CAT-0730,PXTAP716114STPL0730,"7/16-14 X 1-1/4"" TAP BOLT DIN 912 STEEL PLAIN",Y
CAT-0731,PXBTN51634ALBO0731,"5/16-18 X 3/4"" BTN SOCKET CAP SCREW ASME B18.2.1 ALLOY BLACK OXIDE",N
CAT-0732,PXLAG51611488PL0732,"5/16-18 X 1-1/4"" LAG SCREW ASTM A307 18-8 SS PLN",Y
CAT-0733,PXLOCK385888BO0733,3/8-16 LOCK WASHER 18-8 SS BLACK OXIDE,Y
CAT-0734,PXROD1210A2MZ0734,M12-1.75 X 10MM THREADED ROD DIN 912 A2 SS MECH ZINC,Y
CAT-0735,PXLAG550BRMZ0735,M5-0.8 X 50MM LAG SCR ISO 7380 BRASS MECH ZINC,Y
CAT-0736,PXROD41088MZ0736,M4-0.7 X 10MM THREADED ROD 18-8 SS MECH ZINC,Y
CAT-0737,PXTAP71658ALHG0737,"7/16-14 x 5/8"" tap bolt alloy hdg",Y
CAT-0738,PXTAP58114BRMZ0738,"5/8-11 X 1-1/4"" TAP BOLT DIN 933 BRASS MECH ZN",Y
CAT-0739,PXLAG1211236MZ0739,"1/2-13x1-1/2"" LAG SCREW DIN 912 316 SS MECH ZINC",Y
CAT-0740,PXSOC146STMZ0740,1/4-20 X 6FT SOCKET HEAD CAP SCREW ASTM A307 STEEL MECH ZINC,Y
CAT-0741,PXTAP14114STHG0741,"1/4-20x1-1/4"" TAP BOLT STEEL HDG",Y
CAT-0742,PXNUT51612STMZ0742,5/16-18 HEX NUT STEEL MECH ZINC,Y
CAT-0743,PXSOC550ALZC0743,M5-0.8 X 50MM SOCKET HEAD CAP SCR IFI 111 ALLOY ZINC,Y
CAT-0744,PXLOCKN10114STBO0744,#10-24 LOCK WASHER DIN 912 STEEL BLACK OXIDE,Y
CAT-0745,PXPAN3811488YZ0745,"3/8-16x1-1/4"" PHIL PAN MACHINE SCREW DIN 933 18-8 SS YELLOW ZINC",Y
CAT-0746,PXLAG63088BO0746,M6-1.0 X 30MM LAG SCREW ISO 7380 18-8 SS BLACK OXIDE,Y
CAT-0747,PXPANN814ALMZ0747,"#8-32 X 1/4"" PHIL PAN MACHINE SCREW ALLOY MECH ZINC",Y
CAT-0748,PXPANN10114BRMZ0748,"#10-24 X 1-1/4"" PHILLIPS PAN MACHINE SCREW ISO 7380 BRASS MECH ZINC",Y
CAT-0749,PXROD616BRYZ0749,M6-1.0 X 16MM THREADED ROD DIN 933 BRASS YELLOW ZINC,Y
CAT-0750,PXRODN104A2HG0750,"#10-24 X 4"" THREADED ROD DIN 933 A2 SS HDG",Y
CAT-0751,PXTAP51611288HG0751,"5/16-18 X 1-1/2"" TAP BOLT ASME B18.2.1 18-8 SS HDG",Y
CAT-0752,PXWASH14112ALBO0752,1/4-20 FLAT WASHER ALLOY BLACK OXIDE,Y
CAT-0753,PXSOC14112ALZC0753,"1/4-20x1-1/2"" SOCKET HEAD CAP SCR DIN 912 ALLOY ZINC",Y
CAT-0754,PXNUT583488YZ0754,5/8-11 HEX NUT ASTM A307 18-8 SS YELLOW ZINC,Y
CAT-0755,PXBTN625STZC0755,M6-1.0 X 25MM BUTTON SOCKET CAP SCREW STEEL ZINC,Y
CAT-0756,PXHEXN814ALHG0756,"#8-32x1/4"" HX CAP SCR DIN 912 ALLOY HDG",N
CAT-0757,PXWASH540BRPL0757,m5-0.8 flat wshr astm a307 brass plain,Y
CAT-0758,PXLAG34636ZC0758,3/4-10 X 6FT LAG SCREW ASTM A307 316 SS ZINC,Y
CAT-0759,PXSOC88A2ZC0759,M8-1.25 X 8MM SOCKET HEAD CAP SCREW ISO 7380 A2 SS ZINC,Y
CAT-0760,PXTAP660ALYZ0760,M6-1.0 X 60MM TAP BOLT DIN 912 ALLOY YELLOW ZN,Y
CAT-0761,PXTAP122036ZC0761,M12-1.75 X 20MM TAP BOLT ASTM A307 316 SS ZINC,Y
CAT-0762,PXBTN5162A2BO0762,"5/16-18 X 2"" BTN SOCKET CAP SCREW ASME B18.2.1 A2 SS BLACK OXIDE",Y
CAT-0763,PXSOC1238ALHG0763,"1/2-13 x 3/8"" soc head cap screw alloy hdg",Y
CAT-0764,PXLOCK5821288BO0764,5/8-11 LOCK WSHR DIN 933 18-8 SS BLACK OXIDE,Y
CAT-0765,PXTAP65088PL0765,M6-1.0x50MM TAP BOLT DIN 912 18-8 SS PLAIN,Y
CAT-0766,PXTAP5163888ZC0766,"5/16-18 X 3/8"" TAP BOLT DIN 933 18-8 SS ZINC",Y
CAT-0767,PXWASHN821288BO0767,#8-32 FLAT WSHR ASME B18.2.1 18-8 SS BLACK OXIDE,Y
CAT-0768,PXNUT1221288PL0768,1/2-13 hex nut din 912 18-8 ss plain,Y
CAT-0769,PXHEX1234ALHG0769,"1/2-13 X 3/4"" HEX CAP SCREW ASME B18.2.1 ALLOY HDG",Y
CAT-0770,PXLOCK1016BRPL0770,M10-1.5 LOCK WSHR ASME B18.2.1 BRASS PLN,Y
CAT-0771,PXSOC1250ALMZ0771,M12-1.75 X 50MM SOCKET HEAD CAP SCREW ALLOY MECH ZINC,Y
CAT-0772,PXNUT103036YZ0772,M10-1.5 HEX NUT DIN 933 316 SS YELLOW ZINC,Y
CAT-0773,PXBTN123436PL0773,"1/2-13 X 3/4"" BUTTON SOCKET CAP SCR ASME B18.2.1 316 SS PLAIN",Y
CAT-0774,PXPAN420STHG0774,M4-0.7 X 20MM PHILLIPS PAN MACHINE SCREW ISO 7380 STEEL HDG,Y
CAT-0775,PXBTN54088ZC0775,M5-0.8 X 40MM BUTTON SOC CAP SCR 18-8 SS ZINC,Y
CAT-0776,PXPAN5858A2ZC0776,"5/8-11 X 5/8"" PHILLIPS PAN MACH SCREW ASTM A307 A2 SS ZINC",Y
CAT-0777,PXPAN64088HG0777,M6-1.0 X 40MM PHILLIPS PAN MACHINE SCREW IFI 111 18-8 SS HDG,Y
CAT-0778,PXBTN716114STHG0778,"7/16-14 X 1-1/4"" BUTTON SOCKET CAP SCR ASTM A307 STEEL HDG",Y
CAT-0779,PXNUT520A2YZ0779,m5-0.8 hex nut a2 ss yel zinc,N
CAT-0780,PXPAN5163BRBO0780,"5/16-18 x 3"" phil pan mach screw brass black oxide",Y
CAT-0781,PXNUTN84STMZ0781,#8-32 HEX NUT STEEL MECH ZINC,Y
CAT-0782,PXWASH1260BRMZ0782,M12-1.75 FLAT WASHER ISO 7380 BRASS MECH ZINC,Y
CAT-0783,PXBTN61236HG0783,M6-1.0 X 12MM BUTTON SOCKET CAP SCR IFI 111 316 SS HDG,Y
CAT-0784,PXLOCK163036BO0784,M16-2.0 LOCK WSHR 316 SS BLACK OXIDE,Y
CAT-0785,PXSOC612BRHG0785,M6-1.0 X 12MM SOC HEAD CAP SCREW IFI 111 BRASS HDG,Y
CAT-0786,PXLAGN8114A2PL0786,"#8-32 X 1-1/4"" LAG SCREW DIN 933 A2 SS PLAIN",N
CAT-0787,PXBTN51614A2MZ0787,"5/16-18 X 1/4"" BUTTON SOCKET CAP SCREW DIN 912 A2 SS MECH ZINC",Y
CAT-0788,PXTAP1211236PL0788,"1/2-13 x 1-1/2"" tap bolt din 912 316 ss plain",Y
CAT-0789,PXPAN516112BRBO0789,"5/16-18 X 1-1/2"" PHILLIPS PAN MACHINE SCREW DIN 933 BRASS BLACK OXIDE",Y
CAT-0790,PXLOCK7161236MZ0790,7/16-14 lock washer asme b18.2.1 316 ss mech zinc,Y
CAT-0791,PXBTN480A2YZ0791,M4-0.7 X 80MM BUTTON SOCKET CAP SCREW A2 SS YEL ZINC,Y
CAT-0792,PXLOCK51658ALMZ0792,5/16-18 LOCK WASHER ASME B18.2.1 ALLOY MECH ZINC,Y
CAT-0793,PXROD143STHG0793,"1/4-20 X 3"" THREADED ROD IFI 111 STEEL HDG",Y
CAT-0794,PXLOCK51288MZ0794,M5-0.8 LOCK WASHER 18-8 SS MECH ZN,Y
CAT-0795,PXBTN583436BO0795,"5/8-11 X 3/4"" BUTTON SOCKET CAP SCREW ISO 7380 316 SS BLACK OXIDE",Y
CAT-0796,PXPAN3834ALPL0796,"3/8-16 x 3/4"" phillips pan machine screw din 912 alloy plain",Y
CAT-0797,PXTAP3438ALYZ0797,"3/4-10 X 3/8"" TAP BOLT ALLOY YELLOW ZN",Y
CAT-0798,PXHEX343488HG0798,"3/4-10 X 3/4"" HEX CAP SCREW IFI 111 18-8 SS HDG",Y
CAT-0799,PXLOCK68ALBO0799,M6-1.0 LOCK WASHER ISO 7380 ALLOY BLACK OXIDE,Y
CAT-0800,PXNUT143488BO0800,1/4-20 HEX NUT ISO 7380 18-8 SS BLACK OXIDE,Y
CAT-0801,PXHEXN10114BRMZ0801,"#10-24 X 1-1/4"" HEX CAP SCR BRASS MECH ZINC",Y
CAT-0802,PXPAN121BRZC0802,"1/2-13x1"" PHILLIPS PAN MACHINE SCREW ISO 7380 BRASS ZINC",Y
CAT-0803,PXLOCK102036YZ0803,M10-1.5 LOCK WSHR 316 SS YELLOW ZINC,Y
CAT-0804,PXSOC123BRYZ0804,"1/2-13 X 3"" SOC HEAD CAP SCR ASTM A307 BRASS YELLOW ZINC",Y
CAT-0805,PXNUT106036MZ0805,M10-1.5 HX NUT 316 SS MECH ZINC,Y
CAT-0806,PXLAG71638ALHG0806,"7/16-14 x 3/8"" lag screw din 933 alloy hdg",Y
CAT-0807,PXHEX516114BRPL0807,"5/16-18 X 1-1/4"" HX CAP SCREW ISO 7380 BRASS PLN",Y
CAT-0808,PXPANN101436PL0808,"#10-24 X 1/4"" PHILLIPS PAN MACHINE SCREW ASME B18.2.1 316 SS PLN",Y
CAT-0809,PXLAG41688MZ0809,M4-0.7 X 16MM LAG SCREW ASTM A307 18-8 SS MECH ZINC,Y
CAT-0810,PXSOC41088PL0810,M4-0.7 X 10MM SOCKET HEAD CAP SCREW ASTM A307 18-8 SS PLAIN,N
CAT-0811,PXWASH610STZC0811,M6-1.0 FLAT WASHER IFI 111 STEEL ZINC,Y
CAT-0812,PXSOC1620BRBO0812,M16-2.0 X 20MM SOCKET HEAD CAP SCR DIN 912 BRASS BLACK OXIDE,Y
CAT-0813,PXNUT82536ZC0813,M8-1.25 HEX NUT ISO 7380 316 SS ZINC,Y
CAT-0814,PXSOC3814ALHG0814,"3/8-16 X 1/4"" SOCKET HEAD CAP SCREW IFI 111 ALLOY HDG",Y
CAT-0815,PXSOCN103ALPL0815,"#10-24 X 3"" SOC HEAD CAP SCR ASME B18.2.1 ALLOY PLAIN",N
CAT-0816,PXPAN14212A2YZ0816,"1/4-20x2-1/2"" PHILLIPS PAN MACHINE SCR ISO 7380 A2 SS YELLOW ZINC",Y
CAT-0817,PXWASH126ALZC0817,1/2-13 FLAT WASHER IFI 111 ALLOY ZINC,N
CAT-0818,PXTAP61236MZ0818,M6-1.0 X 12MM TAP BOLT 316 SS MECH ZN,Y
CAT-0819,PXLAG3421288MZ0819,"3/4-10 X 2-1/2"" LAG SCREW DIN 912 18-8 SS MECH ZINC",Y
CAT-0820,PXBTN383BRPL0820,"3/8-16 X 3"" BTN SOCKET CAP SCREW IFI 111 BRASS PLN",Y
CAT-0821,PXLAG612ALYZ0821,M6-1.0 X 12MM LAG SCREW ASME B18.2.1 ALLOY YELLOW ZN,Y
CAT-0822,PXLOCK581288HG0822,5/8-11 LOCK WASHER IFI 111 18-8 SS HDG,Y
CAT-0823,PXSOC440BRHG0823,M4-0.7 X 40MM SOCKET HEAD CAP SCREW ISO 7380 BRASS HDG,Y
CAT-0824,PXHEXN83836HG0824,"#8-32 X 3/8"" HEX CAP SCREW 316 SS HDG",Y
CAT-0825,PXLOCK3411288BO0825,3/4-10 LOCK WASHER ASME B18.2.1 18-8 SS BLACK OXIDE,Y
CAT-0826,PXNUT81288MZ0826,M8-1.25 HX NUT ASTM A307 18-8 SS MECH ZINC,Y
CAT-0827,PXROD830STZC0827,M8-1.25x30MM THREADED ROD ISO 7380 STEEL ZINC,Y
CAT-0828,PXBTN125888YZ0828,"1/2-13x5/8"" BTN SOCKET CAP SCREW IFI 111 18-8 SS YEL ZINC",Y
CAT-0829,PXWASH3811236PL0829,3/8-16 FLAT WSHR DIN 933 316 SS PLN,N
CAT-0830,PXHEX81236HG0830,M8-1.25 X 12MM HEX CAP SCR ASTM A307 316 SS HDG,Y
CAT-0831,PXNUT384STPL0831,3/8-16 HX NUT ASME B18.2.1 STEEL PLAIN,Y
CAT-0832,PXLAG121688HG0832,M12-1.75 X 16MM LAG SCREW DIN 912 18-8 SS HDG,Y
CAT-0833,PXTAP58STMZ0833,M5-0.8 X 8MM TAP BOLT IFI 111 STEEL MECH ZN,Y
CAT-0834,PXWASH582BRPL0834,5/8-11 FLAT WASHER IFI 111 BRASS PLN,Y
CAT-0835,PXNUT850STMZ0835,M8-1.25 HEX NUT ASME B18.2.1 STEEL MECH ZINC,Y
CAT-0836,PXLAG383888YZ0836,"3/8-16 X 3/8"" LAG SCREW ISO 7380 18-8 SS YEL ZINC",Y
CAT-0837,PXWASHN8388HG0837,#8-32 FLAT WASHER ASTM A307 18-8 SS HDG,Y
CAT-0838,PXPAN425STBO0838,M4-0.7 X 25MM PHILLIPS PAN MACHINE SCREW ISO 7380 STEEL BLACK OXIDE,Y
CAT-0839,PXLOCK343888MZ0839,3/4-10 lock washer 18-8 ss mech zn,Y
CAT-0840,PXHEXN10336BO0840,"#10-24 X 3"" HEX CAP SCREW ASTM A307 316 SS BLACK OXIDE",Y
CAT-0841,PXBTN516688PL0841,5/16-18x6FT BUTTON SOCKET CAP SCREW IFI 111 18-8 SS PLAIN,Y
CAT-0842,PXLAG12388PL0842,"1/2-13x3"" LAG SCREW ASME B18.2.1 18-8 SS PLAIN",Y
CAT-0843,PXSOC540ALZC0843,M5-0.8x40MM SOCKET HEAD CAP SCREW ALLOY ZINC,Y
CAT-0844,PXWASH345836PL0844,3/4-10 FLAT WASHER ASTM A307 316 SS PLAIN,Y
CAT-0845,PXLAG343436BO0845,"3/4-10 X 3/4"" LAG SCREW DIN 933 316 SS BLACK OXIDE",Y
CAT-0846,PXSOC58636BO0846,5/8-11 X 6FT SOC HEAD CAP SCREW IFI 111 316 SS BLACK OXIDE,Y
CAT-0847,PXSOC121STHG0847,"1/2-13 X 1"" SOCKET HEAD CAP SCREW ASME B18.2.1 STEEL HDG",Y
CAT-0848,PXNUT341BRBO0848,3/4-10 HX NUT DIN 933 BRASS BLACK OXIDE,Y
CAT-0849,PXBTN3414BRYZ0849,"3/4-10 X 1/4"" BUTTON SOC CAP SCR IFI 111 BRASS YELLOW ZINC",Y
CAT-0850,PXPAN810ALHG0850,M8-1.25 X 10MM PHIL PAN MACH SCREW DIN 933 ALLOY HDG,Y
CAT-0851,PXSOC1280BRYZ0851,M12-1.75 X 80MM SOCKET HEAD CAP SCREW ASME B18.2.1 BRASS YEL ZINC,Y
CAT-0852,PXNUTN101488ZC0852,#10-24 hex nut asme b18.2.1 18-8 ss zinc,Y
CAT-0853,PXNUT516288PL0853,5/16-18 HX NUT ASTM A307 18-8 SS PLAIN,Y
CAT-0854,PXSOC42536PL0854,M4-0.7 X 25MM SOCKET HEAD CAP SCREW 316 SS PLAIN,Y
CAT-0855,PXROD1438A2PL0855,"1/4-20x3/8"" THREADED ROD ASME B18.2.1 A2 SS PLAIN",Y
CAT-0856,PXLOCKN83436MZ0856,#8-32 LOCK WSHR 316 SS MECH ZINC,Y
CAT-0857,PXLAG34114STPL0857,"3/4-10 X 1-1/4"" LAG SCREW IFI 111 STEEL PLAIN",Y
CAT-0858,PXPAN51612A2YZ0858,"5/16-18 X 1/2"" PHILLIPS PAN MACHINE SCREW A2 SS YELLOW ZN",Y
CAT-0859,PXBTN1050STBO0859,m10-1.5 x 50mm button socket cap screw iso 7380 steel black oxide,Y
CAT-0860,PXWASHN814ALHG0860,#8-32 FLAT WASHER IFI 111 ALLOY HDG,Y
CAT-0861,PXBTN580ALZC0861,M5-0.8 X 80MM BUTTON SOC CAP SCREW ISO 7380 ALLOY ZINC,Y
CAT-0862,PXHEX145836ZC0862,"1/4-20 X 5/8"" HEX CAP SCR ASTM A307 316 SS ZINC",Y
CAT-0863,PXLOCK1414ALZC0863,1/4-20 LOCK WASHER ALLOY ZINC,Y
CAT-0864,PXLOCK1010STZC0864,M10-1.5 LOCK WSHR ISO 7380 STEEL ZINC,Y
CAT-0865,PXBTNN814ALPL0865,"#8-32 X 1/4"" BUTTON SOCKET CAP SCR IFI 111 ALLOY PLAIN",Y
CAT-0866,PXWASH1080STPL0866,M10-1.5 FLAT WSHR STEEL PLN,Y
CAT-0867,PXWASH3412BRZC0867,3/4-10 FLAT WASHER BRASS ZINC,Y
CAT-0868,PXROD383436HG0868,"3/8-16 X 3/4"" THREADED ROD ASME B18.2.1 316 SS HDG",Y
CAT-0869,PXHEX584A2BO0869,"5/8-11x4"" HEX CAP SCREW ASME B18.2.1 A2 SS BLACK OXIDE",Y
CAT-0870,PXSOC3811488HG0870,"3/8-16x1-1/4"" SOC HEAD CAP SCREW ASME B18.2.1 18-8 SS HDG",Y
CAT-0871,PXPAN14488PL0871,"1/4-20 X 4"" PHILLIPS PAN MACHINE SCR 18-8 SS PLN",Y
CAT-0872,PXWASH7162ALYZ0872,7/16-14 FLAT WASHER IFI 111 ALLOY YELLOW ZN,Y
CAT-0873,PXNUTN1034STYZ0873,#10-24 HEX NUT ISO 7380 STEEL YEL ZINC,Y
CAT-0874,PXSOC161688ZC0874,m16-2.0 x 16mm socket head cap screw asme b18.2.1 18-8 ss zn,Y
CAT-0875,PXBTN126036HG0875,M12-1.75 X 60MM BUTTON SOC CAP SCREW ASME B18.2.1 316 SS HDG,Y
CAT-0876,PXPAN1030A2BO0876,M10-1.5x30MM PHILLIPS PAN MACH SCREW A2 SS BLACK OXIDE,Y
CAT-0877,PXTAPN8112A2HG0877,"#8-32 X 1-1/2"" TAP BOLT ASTM A307 A2 SS HDG",Y
CAT-0878,PXNUT3438STPL0878,3/4-10 HEX NUT ASME B18.2.1 STEEL PLAIN,Y
CAT-0879,PXPAN584STYZ0879,"5/8-11 X 4"" PHILLIPS PAN MACHINE SCREW ASME B18.2.1 STEEL YELLOW ZN",Y
CAT-0880,PXWASH384BRPL0880,3/8-16 FLAT WASHER ASME B18.2.1 BRASS PLAIN,Y
CAT-0881,PXROD161688PL0881,m16-2.0x16mm threaded rod 18-8 ss plain,Y
CAT-0882,PXSOC122536BO0882,m12-1.75x25mm soc head cap screw ifi 111 316 ss black oxide,Y
CAT-0883,PXBTN5165888MZ0883,"5/16-18 X 5/8"" BTN SOCKET CAP SCR ISO 7380 18-8 SS MECH ZINC",Y
CAT-0884,PXLOCK1012ALHG0884,M10-1.5 LOCK WASHER DIN 912 ALLOY HDG,Y
CAT-0885,PXSOC1214STZC0885,"1/2-13x1/4"" SOCKET HEAD CAP SCREW DIN 933 STEEL ZINC",Y
CAT-0886,PXLOCKN1038STHG0886,#10-24 LOCK WASHER STEEL HDG,Y
CAT-0887,PXLAG1016STBO0887,M10-1.5 X 16MM LAG SCR DIN 912 STEEL BLACK OXIDE,Y
CAT-0888,PXSOC820ALBO0888,M8-1.25 X 20MM SOCKET HEAD CAP SCREW ASME B18.2.1 ALLOY BLACK OXIDE,Y
CAT-0889,PXHEX12488ZC0889,"1/2-13 X 4"" HX CAP SCREW ISO 7380 18-8 SS ZINC",Y
CAT-0890,PXWASH1258BRMZ0890,1/2-13 FLAT WASHER DIN 912 BRASS MECH ZN,Y
CAT-0891,PXLOCK342BRHG0891,3/4-10 LOCK WSHR ASME B18.2.1 BRASS HDG,Y
CAT-0892,PXLOCK516112A2ZC0892,5/16-18 LOCK WASHER A2 SS ZINC,N
CAT-0893,PXBTN71634A2ZC0893,"7/16-14 X 3/4"" BUTTON SOCKET CAP SCR ASME B18.2.1 A2 SS ZINC",Y
CAT-0894,PXNUT1680A2HG0894,M16-2.0 HEX NUT ASTM A307 A2 SS HDG,Y
CAT-0895,PXSOC516112ALYZ0895,"5/16-18 X 1-1/2"" SOCKET HEAD CAP SCREW ISO 7380 ALLOY YELLOW ZINC",Y
CAT-0896,PXLAG1050STYZ0896,M10-1.5 X 50MM LAG SCREW DIN 933 STEEL YELLOW ZN,Y
CAT-0897,PXNUT680STBO0897,M6-1.0 HEX NUT ASTM A307 STEEL BLACK OXIDE,N
CAT-0898,PXROD3814BRYZ0898,"3/8-16 X 1/4"" THREADED ROD ASTM A307 BRASS YELLOW ZINC",Y
CAT-0899,PXPAN586BRPL0899,5/8-11x6FT PHILLIPS PAN MACHINE SCREW DIN 912 BRASS PLAIN,N
CAT-0900,PXSOC716112ALZC0900,"7/16-14 X 1-1/2"" SOCKET HEAD CAP SCR IFI 111 ALLOY ZINC",Y
CAT-0901,PXNUT16888PL0901,M16-2.0 HEX NUT IFI 111 18-8 SS PLAIN,N
CAT-0902,PXWASH62536MZ0902,M6-1.0 FLAT WSHR DIN 912 316 SS MECH ZN,N
CAT-0903,PXLOCK123036HG0903,M12-1.75 LOCK WSHR DIN 912 316 SS HDG,Y
CAT-0904,PXLOCK3412STZC0904,3/4-10 LOCK WASHER STEEL ZINC,Y
CAT-0905,PXTAP34212A2YZ0905,"3/4-10 X 2-1/2"" TAP BOLT ASME B18.2.1 A2 SS YELLOW ZN",Y
CAT-0906,PXROD583ALYZ0906,"5/8-11 X 3"" THREADED ROD ASME B18.2.1 ALLOY YELLOW ZINC",Y
CAT-0907,PXPAN385836MZ0907,"3/8-16 X 5/8"" PHILLIPS PAN MACHINE SCREW IFI 111 316 SS MECH ZN",Y
CAT-0908,PXHEX128A2MZ0908,M12-1.75 X 8MM HEX CAP SCR IFI 111 A2 SS MECH ZINC,Y
CAT-0909,PXHEX51614STYZ0909,"5/16-18x1/4"" HEX CAP SCR STEEL YELLOW ZN",Y
CAT-0910,PXPAN344A2HG0910,"3/4-10 X 4"" PHILLIPS PAN MACHINE SCR IFI 111 A2 SS HDG",Y
CAT-0911,PXPANN104STPL0911,"#10-24x4"" PHILLIPS PAN MACH SCREW DIN 912 STEEL PLAIN",Y
CAT-0912,PXLOCK560BRZC0912,M5-0.8 LOCK WSHR DIN 933 BRASS ZINC,Y
CAT-0913,PXTAPN838STZC0913,"#8-32 x 3/8"" tap bolt iso 7380 steel zinc",Y
CAT-0914,PXTAP5812STBO0914,"5/8-11 X 1/2"" TAP BOLT ASTM A307 STEEL BLACK OXIDE",Y
CAT-0915,PXROD7163STHG0915,"7/16-14 X 3"" THREADED ROD DIN 933 STEEL HDG",Y
CAT-0916,PXTAP5163BRZC0916,"5/16-18 X 3"" TAP BOLT BRASS ZN",Y
CAT-0917,PXPAN58236ZC0917,"5/8-11 X 2"" PHIL PAN MACHINE SCR 316 SS ZINC",Y
CAT-0918,PXWASH51634A2YZ0918,5/16-18 FLAT WASHER A2 SS YELLOW ZN,Y
CAT-0919,PXSOC51634BRZC0919,"5/16-18 X 3/4"" SOCKET HEAD CAP SCREW DIN 912 BRASS ZINC",Y
CAT-0920,PXTAP3811288YZ0920,"3/8-16 X 1-1/2"" TAP BOLT ISO 7380 18-8 SS YEL ZINC",Y
CAT-0921,PXPAN5163BRBO0780,"5/16-18 x 3"" phil pan mach screw brass black oxide",Y
CAT-0922,PXHEX1234ALHG0769,"1/2-13 X 3/4"" HEX CAP SCREW ASME B18.2.1 ALLOY HDG",Y
CAT-0923,PXBTN82588ZC0232,M8-1.25 X 25MM BUTTON SOCKET CAP SCREW ASTM A307 18-8 SS ZN,Y
CAT-0924,PXHEX584A2BO0869,"5/8-11x4"" HEX CAP SCREW ASME B18.2.1 A2 SS BLACK OXIDE",Y
CAT-0925,PXSOC41088PL0810,M4-0.7 X 10MM SOCKET HEAD CAP SCREW ASTM A307 18-8 SS PLAIN,N
CAT-0926,PXLAGN1011236MZ0156,"#10-24 X 1-1/2"" LAG SCREW ISO 7380 316 SS MECH ZN",Y
CAT-0927,PXSOC825A2PL0097,M8-1.25 X 25MM SOC HEAD CAP SCREW ASTM A307 A2 SS PLAIN,Y
CAT-0928,PXBTN58212A2YZ0143,"5/8-11x2-1/2"" BTN SOC CAP SCREW DIN 933 A2 SS YEL ZINC",Y
CAT-0929,PXLOCK7161236MZ0790,7/16-14 lock washer asme b18.2.1 316 ss mech zinc,Y
CAT-0930,PXRODN1012ALBO0215,"#10-24x1/2"" THREADED ROD DIN 912 ALLOY BLACK OXIDE",Y
CAT-0931,PXSOC3811488HG0870,"3/8-16x1-1/4"" SOC HEAD CAP SCREW ASME B18.2.1 18-8 SS HDG",Y
CAT-0932,PXWASHN821288BO0767,#8-32 FLAT WSHR ASME B18.2.1 18-8 SS BLACK OXIDE,Y
CAT-0933,PXTAP61236MZ0818,M6-1.0 X 12MM TAP BOLT 316 SS MECH ZN,Y
CAT-0934,PXLOCKN103488PL0121,#10-24 LOCK WASHER DIN 933 18-8 SS PLN,Y
CAT-0935,PXHEX430ALYZ0192,M4-0.7 X 30MM HEX CAP SCREW ASTM A307 ALLOY YELLOW ZINC,Y
CAT-0936,PXLOCK102036YZ0803,M10-1.5 LOCK WSHR 316 SS YELLOW ZINC,Y
CAT-0937,PXNUT3438STPL0878,3/4-10 HEX NUT ASME B18.2.1 STEEL PLAIN,Y
CAT-0938,PXPAN3821288MZ0305,"3/8-16 X 2-1/2"" PHILLIPS PAN MACHINE SCREW 18-8 SS MECH ZINC",Y
CAT-0939,PXSOC5161ALYZ0099,"5/16-18 X 1"" SOC HEAD CAP SCREW ALLOY YELLOW ZINC",Y
CAT-0940,PXLOCK5161A2YZ0309,5/16-18 LOCK WASHER DIN 912 A2 SS YELLOW ZINC,Y
CAT-0941,PXTAP5163BRZC0916,"5/16-18 X 3"" TAP BOLT BRASS ZN",Y
CAT-0942,PXROD5164STMZ0194,"5/16-18 X 4"" THREADED ROD STEEL MECH ZINC",Y
CAT-0943,PXLOCK5164BRYZ0535,5/16-18 LOCK WASHER IFI 111 BRASS YELLOW ZINC,Y
CAT-0944,PXTAP124088ZC0120,M12-1.75 X 40MM TAP BOLT 18-8 SS ZINC,Y
CAT-0945,PXLOCK1620STMZ0112,M16-2.0 LOCK WSHR ASTM A307 STEEL MECH ZINC,Y
CAT-0946,PXSOC860STZC0008,m8-1.25 x 60mm soc head cap screw iso 7380 steel zinc,Y
CAT-0947,PXTAP860BRPL0369,M8-1.25 X 60MM TAP BOLT IFI 111 BRASS PLAIN,Y
CAT-0948,PXPAN122088HG0317,M12-1.75x20MM PHILLIPS PAN MACHINE SCREW ASTM A307 18-8 SS HDG,Y
CAT-0949,PXLOCK1016BRPL0770,M10-1.5 LOCK WSHR ASME B18.2.1 BRASS PLN,Y
CAT-0950,PXWASH34112STHG0472,3/4-10 FLAT WSHR DIN 933 STEEL HDG,Y
CAT-0951,PXWASH716112BRMZ0325,7/16-14 FLAT WASHER IFI 111 BRASS MECH ZINC,Y
CAT-0952,PXLOCK1212BRZC0253,1/2-13 LOCK WSHR BRASS ZINC,Y
CAT-0953,PXLAG1025BRZC0239,M10-1.5 X 25MM LAG SCREW ASTM A307 BRASS ZINC,Y
CAT-0954,PXHEX343488HG0798,"3/4-10 X 3/4"" HEX CAP SCREW IFI 111 18-8 SS HDG",Y
CAT-0955,PXLAGN838STYZ0144,"#8-32 X 3/8"" LAG SCREW ISO 7380 STEEL YELLOW ZINC",Y
CAT-0956,PXNUT5163ALBO0430,5/16-18 HX NUT ASTM A307 ALLOY BLACK OXIDE,Y
CAT-0957,PXBTN516688PL0841,5/16-18x6FT BUTTON SOCKET CAP SCREW IFI 111 18-8 SS PLAIN,Y
CAT-0958,PXROD1411436PL0592,"1/4-20 X 1-1/4"" THREADED ROD ASME B18.2.1 316 SS PLAIN",Y
CAT-0959,PXBTN5812ALHG0336,"5/8-11x1/2"" BTN SOCKET CAP SCREW ISO 7380 ALLOY HDG",Y
CAT-0960,PXTAP14114STHG0741,"1/4-20x1-1/4"" TAP BOLT STEEL HDG",Y
CAT-0961,PXNUT510BRMZ0961,M5-0.8 HX NUT ASME B18.2.1 BRASS MECH ZN,Y
CAT-0962,PXROD716112A2ZC0962,"7/16-14 X 1-1/2"" THREADED ROD DIN 933 A2 SS ZINC",Y
CAT-0963,PXNUTN103436MZ0963,#10-24 HX NUT IFI 111 316 SS MECH ZINC,Y
CAT-0964,PXTAPN10114STZC0964,"#10-24 X 1-1/4"" TAP BOLT DIN 933 STEEL ZINC",Y
CAT-0965,PXLAG161288ZC0965,M16-2.0 X 12MM LAG SCR 18-8 SS ZINC,Y
CAT-0966,PXBTNN10112BRHG0966,"#10-24x1-1/2"" BUTTON SOCKET CAP SCREW DIN 912 BRASS HDG",Y
CAT-0967,PXPAN1210A2HG0967,M12-1.75 X 10MM PHILLIPS PAN MACHINE SCREW A2 SS HDG,Y
CAT-0968,PXNUTN1012BRHG0968,#10-24 HX NUT BRASS HDG,Y
CAT-0969,PXLOCK7164STMZ0969,7/16-14 LOCK WASHER ISO 7380 STEEL MECH ZINC,Y
CAT-0970,PXBTN52536ZC0970,M5-0.8 X 25MM BUTTON SOCKET CAP SCR ASTM A307 316 SS ZINC,Y
CAT-0971,PXWASH1610STHG0971,M16-2.0 FLAT WSHR ASTM A307 STEEL HDG,Y
CAT-0972,PXSOC1221236YZ0972,"1/2-13 X 2-1/2"" SOCKET HEAD CAP SCREW DIN 933 316 SS YELLOW ZINC",Y
CAT-0973,PXBTN61288BO0973,M6-1.0 X 12MM BUTTON SOCKET CAP SCREW ASME B18.2.1 18-8 SS BLACK OXIDE,Y
CAT-0974,PXWASH82536HG0974,M8-1.25 FLAT WSHR ASTM A307 316 SS HDG,Y
CAT-0975,PXSOC816STZC0975,M8-1.25x16MM SOCKET HEAD CAP SCREW ISO 7380 STEEL ZINC,Y
CAT-0976,PXWASH1438A2PL0976,1/4-20 FLAT WASHER IFI 111 A2 SS PLAIN,Y
CAT-0977,PXLAG620ALZC0977,M6-1.0x20MM LAG SCREW DIN 912 ALLOY ZN,Y
CAT-0978,PXSOC51236BO0978,M5-0.8x12MM SOCKET HEAD CAP SCREW ISO 7380 316 SS BLACK OXIDE,Y
CAT-0979,PXPANN8112ALZC0979,"#8-32 X 1-1/2"" PHIL PAN MACH SCREW DIN 912 ALLOY ZINC",Y
CAT-0980,PXROD1680STPL0980,M16-2.0 X 80MM THREADED ROD STEEL PLAIN,Y
CAT-0981,PXBTN71638BRPL0981,"7/16-14 X 3/8"" BUTTON SOC CAP SCREW BRASS PLAIN",Y
CAT-0982,PXLAGN104A2YZ0982,"#10-24 X 4"" LAG SCREW DIN 933 A2 SS YELLOW ZINC",Y
CAT-0983,PXBTN121236HG0983,"1/2-13x1/2"" BTN SOCKET CAP SCREW IFI 111 316 SS HDG",Y
CAT-0984,PXHEX516114ALPL0984,"5/16-18 X 1-1/4"" HEX CAP SCREW ALLOY PLAIN",Y
CAT-0985,PXTAP1080STMZ0985,M10-1.5 X 80MM TAP BOLT STEEL MECH ZINC,Y
CAT-0986,PXROD12112A2YZ0986,"1/2-13 X 1-1/2"" THREADED ROD IFI 111 A2 SS YELLOW ZN",Y
CAT-0987,PXHEX1680ALBO0987,M16-2.0 X 80MM HX CAP SCR DIN 912 ALLOY BLACK OXIDE,Y
CAT-0988,PXLOCK716288HG0988,7/16-14 LOCK WASHER DIN 912 18-8 SS HDG,Y
CAT-0989,PXROD1040STHG0989,M10-1.5 X 40MM THREADED ROD DIN 933 STEEL HDG,Y
CAT-0990,PXBTN146BRZC0990,1/4-20x6FT BTN SOC CAP SCREW ASTM A307 BRASS ZINC,Y
CAT-0991,PXPAN58036PL0991,M5-0.8 X 80MM PHILLIPS PAN MACHINE SCREW 316 SS PLN,Y
CAT-0992,PXROD48036YZ0992,M4-0.7x80MM THREADED ROD DIN 912 316 SS YELLOW ZINC,Y
CAT-0993,PXLOCK860STZC0993,M8-1.25 LOCK WASHER DIN 912 STEEL ZINC,Y
CAT-0994,PXNUT7164A2BO0994,7/16-14 HX NUT ASTM A307 A2 SS BLACK OXIDE,Y
CAT-0995,PXTAP680BRPL0995,M6-1.0 X 80MM TAP BOLT DIN 933 BRASS PLAIN,Y
CAT-0996,PXHEX126036ZC0996,M12-1.75 X 60MM HX CAP SCR 316 SS ZINC,Y
CAT-0997,PXTAP14636PL0997,1/4-20 X 6FT TAP BOLT ISO 7380 316 SS PLAIN,Y
CAT-0998,PXLAG5166A2PL0998,5/16-18 X 6FT LAG SCREW ISO 7380 A2 SS PLAIN,Y
CAT-0999,PXWASH1258A2MZ0999,1/2-13 FLAT WASHER IFI 111 A2 SS MECH ZINC,Y
CAT-1000,PXBTN82088HG1000,M8-1.25x20MM BTN SOCKET CAP SCREW 18-8 SS HDG,Y
